Município;;2009;Pop.;2010;Pop.;2011;Pop.;2012;Pop.;2013;Pop.;2014;Pop.;2015;Pop.;2016;Pop.;2017;Pop.;2018;Pop.;Total
ADAMANTINA;3500105;5;34.424;5;33797;5;33.820;6;33.843;6;34.953;4;35.001;6;35.048;4;35.094;5; 35.139 ;5;35.023;51
ADOLFO;3500204;-;3.710;-;3557;1;3.547;2;3.538;-;3.639;2;3.631;-;3.623;2;3.616;2; 3.609 ;-;3.571;9
AGUAÍ;3500303;8;32.101;14;32168;12;32.451;15;32.745;8;34.188;8;34.530;8;34.863;10;35.189;7; 35.508 ;3;35.954;93
ÁGUAS DA PRATA;3500402;-;7.734;-;7580;-;7.619;1;7.653;1;7.942;-;7.984;-;8.025;-;8.065;1; 8.104 ;1;8.137;4
ÁGUAS DE LINDÓIA;3500501;2;16.341;3;17261;1;17.353;4;17.438;1;18.108;1;18.212;2;18.313;5;18.412;5; 18.509 ;2;18.599;26
ÁGUAS DE SANTA BÁRBARA;3500550;-;5.612;-;5598;-;5.630;1;5.658;-;5.876;2;5.911;1;5.944;2;5.977;1; 6.009 ;2;6.040;9
ÁGUAS DE SÃO PEDRO;3500600;1;2.613;1;2703;-;2.770;2;2.832;-;3.004;-;3.073;1;3.139;-;3.205;-; 3.268 ;-;3.380;5
AGUDOS;3500709;9;36.188;12;34532;18;34.681;9;34.833;11;36.150;11;36.339;8;36.524;6;36.704;9; 36.880 ;5;37.023;98
ALAMBARI;3500758;-;4.391;-;4886;-;4.979;1;5.071;-;5.356;1;5.460;-;5.560;-;5.658;-; 5.754 ;3;5.918;5
ALFREDO MARCONDES;3500808;-;4.055;-;3891;-;3.906;2;3.921;-;4.064;-;4.083;-;4.101;-;4.118;-; 4.135 ;-;4.147;2
ALTAIR;3500907;1;3.287;-;3814;2;3.837;1;3.859;-;4.010;3;4.035;1;4.060;2;4.085;-; 4.109 ;-;4.134;10
ALTINÓPOLIS;3501004;4;15.554;1;15609;-;15.617;2;15.627;2;16.137;5;16.159;1;16.179;3;16.199;5; 16.219 ;3;16.164;26
ALTO ALEGRE;3501103;1;4.267;-;4105;-;4.090;2;4.078;1;4.193;-;4.183;2;4.173;-;4.164;3; 4.154 ;3;4.110;12
ALUMÍNIO;3501152;4;16.427;5;16845;2;16.961;6;17.079;-;17.784;2;17.924;3;18.061;3;18.194;3; 18.324 ;2;18.484;30
ÁLVARES FLORENCE;3501202;-;3.876;-;3901;-;3.865;1;3.834;2;3.915;-;3.883;-;3.853;-;3.824;-; 3.795 ;-;3.712;3
ÁLVARES MACHADO;3501301;5;23.779;3;23506;1;23.578;3;23.642;2;24.482;2;24.568;7;24.651;4;24.733;1; 24.813 ;5;24.830;33
ÁLVARO DE CARVALHO;3501400;21;4.984;24;4650;15;4.692;17;4.732;20;4.937;33;4.984;31;5.030;24;5.075;34; 5.119 ;32;5.179;251
ALVINLÂNDIA;3501509;1;2.869;1;3000;-;3.013;-;3.025;1;3.137;-;3.153;-;3.168;-;3.182;3; 3.196 ;-;3.206;6
AMERICANA;3501608;64;205.229;54;210701;68;212.791;73;214.873;69;224.551;45;226.970;46;229.322;40;231.621;44; 233.868 ;45;237.112;548
AMÉRICO BRASILIENSE;3501707;10;5.488;4;34522;9;34.953;10;35.413;11;37.165;12;37.691;9;38.202;6;38.701;11; 39.189 ;7;39.962;89
AMÉRICO DE CAMPOS;3501806;-;33.255;1;5706;2;5.715;1;5.723;-;5.916;-;5.930;-;5.942;-;5.955;2; 5.967 ;-;5.956;6
AMPARO;3501905;16;65.928;24;65836;11;66.245;24;66.649;19;69.322;9;69.808;15;70.280;13;70.742;23; 71.193 ;12;71.700;166
ANALÂNDIA;3502002;1;4.558;1;4289;-;4.348;-;4.401;2;4.612;-;4.672;-;4.731;-;4.789;-; 4.845 ;1;4.933;5
ANDRADINA;3502101;23;56.593;27;55317;19;55.347;19;55.361;27;57.145;35;57.198;29;57.250;33;57.300;36; 57.350 ;21;57.112;269
ANGATUBA;3502200;3;23.225;5;22211;2;22.434;-;22.650;6;23.666;4;23.917;4;24.161;3;24.400;5; 24.634 ;2;24.969;34
ANHEMBI;3502309;3;5.766;1;5648;-;5.739;1;5.822;2;6.120;1;6.215;1;6.307;2;6.397;1; 6.484 ;3;6.627;15
ANHUMAS;3502408;2;3.947;-;3738;1;3.763;-;3.788;1;3.941;-;3.970;-;3.999;-;4.026;-; 4.053 ;1;4.085;5
APARECIDA;3502507;7;37.629;22;35043;17;35.015;22;35.023;24;36.151;14;36.184;21;36.217;20;36.248;15; 36.279 ;14;36.129;176
APARECIDA D'OESTE;3502606;-;4.598;-;4444;1;4.413;-;4.377;-;4.468;2;4.432;-;4.397;-;4.362;1; 4.329 ;1;4.234;5
APIAÍ;3502705;6;25.700;2;25196;1;25.040;1;24.894;1;25.491;2;25.349;1;25.211;1;25.077;3; 24.945 ;1;24.526;19
ARAÇARIGUAMA;3502754;9;13.208;9;17085;8;17.535;6;17.975;9;19.144;5;19.636;5;20.114;9;20.581;4; 21.038 ;7;21.854;71
ARAÇATUBA;3502804;40;182.204;23;181618;31;182.525;39;183.441;31;190.536;37;191.662;43;192.757;28;193.828;39; 194.874 ;38;195.874;349
ARAÇOIABA DA SERRA;3502903;3;26.626;7;27323;10;27.873;5;28.429;3;30.088;6;30.713;6;31.321;8;31.915;3; 32.495 ;9;33.499;60
ARAMINA;3503000;-;5.308;-;5150;1;5.182;-;5.211;-;5.416;-;5.451;-;5.486;-;5.519;-; 5.552 ;-;5.585;1
ARANDU;3503109;1;6.212;-;6123;-;6.127;2;6.132;-;6.334;2;6.343;2;6.351;-;6.360;1; 6.368 ;-;6.348;8
ARAPEÍ;3503158;1;2.582;1;2492;5;2.483;-;2.475;-;2.541;-;2.532;-;2.524;1;2.516;-; 2.509 ;2;2.478;10
ARARAQUARA;3503208;43;200.666;41;208725;52;210.672;53;212.617;65;222.036;50;224.304;53;226.508;40;228.664;42; 230.770 ;43;233.744;482
ARARAS;3503307;25;114.515;38;118898;35;119.967;28;121.055;40;126.391;39;127.661;26;128.895;41;130.102;41; 131.282 ;49;132.934;362
ARCO-ÍRIS;3503356;;2.010;;1925;;1.907;;1.890;;1.925;;1.907;;1.890;;1.873;; 1.856 ;;1.811;
AREALVA;3503406;2;7.886;1;7842;2;7.887;-;7.932;3;8.245;-;8.299;3;8.351;-;8.402;-; 8.452 ;-;8.505;11
AREIAS;3503505;-;3.690;-;3693;-;3.703;-;3.711;1;3.839;1;3.849;1;3.859;2;3.869;1; 3.879 ;1;3.876;7
AREIÓPOLIS;3503604;-;11.157;1;10581;4;10.601;1;10.622;1;10.989;3;11.020;1;11.049;2;11.078;-; 11.107 ;4;11.099;17
ARIRANHA;3503703;1;8.876;-;8547;-;8.629;-;8.709;1;9.095;1;9.187;1;9.277;-;9.365;-; 9.451 ;1;9.573;5
ARTUR NOGUEIRA;3503802;6;43.499;6;44270;8;45.025;4;45.847;6;48.420;10;49.346;8;50.246;6;51.126;4; 51.986 ;12;53.450;70
ARUJÁ;3503901;27;80.922;23;74818;17;76.112;28;77.279;26;81.326;18;82.651;16;83.939;27;85.199;21; 86.430 ;29;88.455;232
ASPÁSIA;3503950;-;1.826;-;1809;-;1.805;-;1.802;-;1.854;-;1.851;-;1.848;1;1.845;-; 1.842 ;-;1.825;1
ASSIS;3504008;33;98.715;31;95156;37;95.750;26;96.336;46;100.204;50;100.911;44;101.597;40;102.268;26; 102.924 ;37;103.666;370
ATIBAIA;3504107;38;126.757;31;126614;35;127.778;31;128.914;19;134.567;26;135.895;40;137.187;31;138.449;50; 139.683 ;45;141.398;346
AURIFLAMA;3504206;3;14.366;-;14205;2;14.255;2;14.307;3;14.831;1;14.897;2;14.961;2;15.024;3; 15.085 ;3;15.123;21
AVAÍ;3504305;1;5.170;1;4959;2;4.987;2;5.014;-;5.210;1;5.243;-;5.275;-;5.306;-; 5.337 ;-;5.369;7
AVANHANDAVA;3504404;18;12.112;11;11311;14;11.500;25;11.685;22;12.307;12;12.516;21;12.719;14;12.918;25; 13.112 ;17;13.433;179
AVARÉ;3504503;25;84.416;29;82935;30;83.430;35;83.910;30;87.238;27;87.820;22;88.385;26;88.938;21; 89.479 ;26;90.063;271
BADY BASSITT;3504602;1;14.127;4;14605;3;14.837;5;15.065;2;15.851;1;16.109;11;16.359;6;16.604;5; 16.843 ;8;17.236;46
BALBINOS;3504701;32;4.697;21;3932;33;3.885;25;4.063;39;4.433;43;4.629;47;4.819;57;5.006;74; 5.188 ;58;5.532;429
BÁLSAMO;3504800;2;8.227;1;8160;3;8.223;1;8.284;4;8.631;1;8.703;-;8.773;1;8.841;1; 8.908 ;1;8.994;15
BANANAL;3504909;9;10.822;2;10220;1;10.262;-;10.301;1;10.680;4;10.728;5;10.775;10;10.821;5; 10.867 ;19;10.896;56
BARÃO DE ANTONINA;3505005;2;2.835;1;3116;-;3.141;-;3.165;1;3.297;-;3.326;-;3.353;-;3.380;-; 3.406 ;1;3.441;5
BARBOSA;3505104;1;6.944;1;6593;4;6.651;2;6.708;3;6.998;5;7.064;2;7.128;-;7.190;-; 7.251 ;-;7.335;18
BARIRI;3505203;4;33.267;3;31603;3;31.852;4;32.102;4;33.466;4;33.761;5;34.048;4;34.328;3; 34.602 ;4;34.961;38
BARRA BONITA;3505302;8;5.358;7;35256;9;35.228;9;35.210;8;36.310;12;36.315;6;36.321;-;36.326;7; 36.331 ;7;36.127;73
BARRA DO CHAPÉU;3505351;-;7.699;-;5236;-;5.275;-;5.305;-;5.514;1;5.550;-;5.585;-;5.619;-; 5.653 ;-;5.688;1
BARRA DO TURVO;3505401;2;36.214;4;7729;-;7.700;2;7.672;-;7.878;2;7.853;-;7.828;2;7.804;3; 7.781 ;2;7.687;17
BARRETOS;3505500;37;113.618;38;112102;42;112.729;27;113.338;52;117.779;28;118.521;26;119.243;34;119.948;26; 120.638 ;30;121.344;340
BARRINHA;3505609;9;27.169;5;28503;8;28.825;7;29.144;12;30.506;5;30.873;15;31.230;6;31.579;13; 31.921 ;15;32.434;95
BARUERI;3505708;100;270.173;120;240656;127;243.241;104;245.652;128;256.756;119;259.555;123;262.275;121;264.935;126; 267.534 ;110;271.306;1178
BASTOS;3505807;5;21.380;1;20461;3;20.434;2;20.424;2;21.061;2;21.064;1;21.067;5;21.070;4; 21.073 ;4;20.954;29
BATATAIS;3505906;5;56.476;5;56481;7;56.888;9;57.286;6;59.654;3;60.128;9;60.589;3;61.040;7; 61.480 ;14;62.024;68
BAURU;3506003;143;359.429;163;344039;182;346.076;177;348.146;256;362.062;222;364.562;232;366.992;235;369.368;263; 371.690 ;252;374.272;2125
BEBEDOURO;3506102;26;77.630;12;75044;20;75.052;22;75.069;15;77.487;19;77.558;18;77.627;30;77.695;28; 77.761 ;25;77.436;215
BENTO DE ABREU;3506201;-;2.982;1;2674;1;2.695;-;2.717;2;2.831;-;2.855;-;2.879;1;2.902;-; 2.925 ;-;2.955;5
BERNARDINO DE CAMPOS;3506300;4;10.776;3;10777;2;10.779;2;10.784;2;11.133;15;11.146;13;11.157;24;11.169;28; 11.180 ;15;11.137;108
BERTIOGA;3506359;25;44.233;32;47572;35;48.996;36;50.304;29;53.679;35;55.138;55;56.555;50;57.942;47; 59.297 ;53;61.736;397
BILAC;3506409;-;7.494;-;7052;1;7.122;1;7.193;3;7.519;-;7.602;-;7.682;1;7.761;-; 7.837 ;-;7.949;6
BIRIGÜI;3506508;16;110.911;27;108722;29;109.835;28;110.907;17;115.898;28;117.143;17;118.352;16;119.536;25; 120.692 ;25;122.359;228
BIRITIBA-MIRIM;3506607;6;29.650;2;28573;5;28.876;12;29.168;6;30.492;10;30.830;8;31.158;16;31.479;10; 31.793 ;8;32.251;83
BOA ESPERANÇA DO SUL;3506706;3;13.953;3;13658;1;13.727;7;13.807;2;14.356;3;14.452;3;14.546;2;14.638;7; 14.727 ;7;14.824;38
BOCAINA;3506805;-;11.028;2;10862;2;10.968;-;11.073;6;11.568;3;11.691;2;11.810;2;11.926;2; 12.040 ;3;12.204;22
BOFETE;3506904;5;9.375;2;9282;2;9.792;2;9.960;3;10.504;2;10.694;5;10.879;3;11.059;2; 11.236 ;3;11.534;29
BOITUVA;3507001;7;44.906;10;48323;17;49.384;7;50.420;10;53.431;13;54.594;7;55.725;11;56.830;13; 57.910 ;6;59.793;101
BOM JESUS DOS PERDÕES;3507100;2;17.993;4;19703;3;20.199;2;20.674;3;21.976;10;22.508;5;23.025;2;23.530;3; 24.023 ;2;24.898;36
BOM SUCESSO DE ITARARÉ;3507159;1;3.968;2;3571;-;3.597;-;3.623;-;3.772;-;3.802;-;3.831;-;3.860;1; 3.888 ;-;3.923;4
BORÁ;3507209;-;837;1;805;-;806;-;807;-;834;-;835;-;836;-;838;-; 839 ;-;836;1
BORACÉIA;3507308;;4.439;;4268;;4.309;;4.348;;4.540;;4.586;;4.631;;4.675;; 4.717 ;;4.776;
BORBOREMA;3507407;2;14.485;1;14532;1;14.632;1;14.731;2;15.335;2;15.454;4;15.569;1;15.681;1; 15.791 ;1;15.925;16
BOREBI;3507456;-;2.349;1;2295;1;2.321;-;2.348;1;2.458;-;2.489;-;2.519;-;2.548;-; 2.577 ;1;2.621;4
BOTUCATU;3507506;14;130.348;36;127370;35;128.788;36;130.201;38;136.269;36;137.899;26;139.483;29;141.032;43; 142.546 ;42;144.820;335
BRAGANÇA PAULISTA;3507605;42;145.894;27;146663;41;148.411;38;150.023;41;156.995;50;158.856;50;160.665;51;162.435;38; 164.163 ;58;166.753;436
BRAÚNA;3507704;-;5.043;2;5021;1;5.070;1;5.118;-;5.345;1;5.400;1;5.454;-;5.506;-; 5.557 ;1;5.630;7
BREJO ALEGRE;3507753;-;2.573;-;2573;1;2.593;-;2.614;-;2.723;2;2.746;-;2.768;2;2.790;1; 2.812 ;-;2.841;6
BRODÓSQUI;3507803;2;20.485;3;21105;4;21.412;5;21.707;5;22.797;3;23.134;3;23.460;5;23.780;4; 24.092 ;6;24.592;40
BROTAS;3507902;3;22.631;3;21580;1;21.787;3;21.987;2;22.959;2;23.192;2;23.419;6;23.641;3; 23.858 ;4;24.163;29
BURI;3508009;2;18.146;5;18566;4;18.635;3;18.705;5;19.395;5;19.484;2;19.570;6;19.655;1; 19.737 ;4;19.789;37
BURITAMA;3508108;1;15.636;2;15418;2;15.538;4;15.655;1;16.312;5;16.449;4;16.583;6;16.714;4; 16.841 ;4;17.003;33
BURITIZAL;3508207;-;4.096;-;4055;-;4.082;-;4.111;-;4.279;-;4.313;-;4.345;-;4.377;-; 4.408 ;1;4.447;1
CABRÁLIA PAULISTA;3508306;4;4.369;1;4365;-;4.343;-;4.322;-;4.430;-;4.410;1;4.390;-;4.371;1; 4.352 ;-;4.286;7
CABREÚVA;3508405;14;42.700;7;41643;10;42.257;14;42.889;11;45.112;13;45.830;11;46.528;12;47.210;12; 47.877 ;18;48.966;122
CAÇAPAVA;3508504;28;85.181;33;84844;42;85.414;29;86.054;36;89.668;24;90.426;36;91.162;21;91.883;19; 92.587 ;26;93.488;294
CACHOEIRA PAULISTA;3508603;6;34.666;3;30099;9;30.313;16;30.527;10;31.791;7;32.046;7;32.294;6;32.536;1; 32.773 ;5;33.067;70
CACONDE;3508702;3;19.304;4;18536;2;18.550;1;18.563;-;18.926;1;18.952;4;18.976;3;19.001;3; 19.025 ;2;18.961;23
CAFELÂNDIA;3508801;2;16.778;-;16612;6;16.669;2;16.730;1;17.346;1;17.424;2;17.499;1;17.573;1; 17.645 ;2;17.689;18
CAIABU;3508900;-;4.131;-;4072;1;4.072;1;4.072;-;4.201;-;4.204;-;4.206;1;4.208;-; 4.211 ;-;4.190;3
CAIEIRAS;3509007;23;88.212;20;86623;28;87.704;28;88.841;18;93.215;28;94.516;27;95.780;34;97.016;34; 98.223 ;27;100.129;267
CAIUÁ;3509106;8;5.447;4;5039;8;5.104;1;5.167;3;5.418;8;5.490;6;5.560;7;5.628;6; 5.695 ;11;5.800;62
CAJAMAR;3509205;15;63.675;17;64113;29;65.139;31;66.131;33;69.584;15;70.710;17;71.805;18;72.875;23; 73.921 ;14;75.638;212
CAJATI;3509254;15;28.936;12;28371;13;28.306;3;28.243;8;29.059;11;29.010;10;28.962;15;28.916;24; 28.870 ;17;28.605;128
CAJOBI;3509304;-;10.009;1;9759;2;9.814;-;9.858;1;10.232;2;10.287;-;10.341;-;10.393;1; 10.444 ;-;10.486;7
CAJURU;3509403;-;24.313;3;23378;1;23.570;-;23.763;-;24.783;-;25.009;1;25.230;7;25.445;6; 25.655 ;1;25.935;19
CAMPINA DO MONTE ALEGRE;3509452;3;5.560;-;5567;3;5.594;-;5.622;3;5.836;-;5.869;-;5.901;1;5.932;-; 5.963 ;-;5.991;10
CAMPINAS;3509502;395;1.064.669;352;1080999;347;1.088.611;412;1.098.630;371;1.144.862;429;1.154.617;425;1.164.098;395;1.173.370;444; 1.182.429 ;483;1.194.094;4053
CAMPO LIMPO PAULISTA;3509601;27;74.863;26;74114;18;74.868;15;75.637;12;79.091;20;79.982;16;80.847;14;81.693;22; 82.520 ;23;83.735;193
CAMPOS DO JORDÃO;3509700;6;46.505;7;47824;10;48.060;11;48.324;7;50.221;7;50.541;8;50.852;7;51.157;5; 51.454 ;8;51.763;76
CAMPOS NOVOS PAULISTA;3509809;-;5.014;-;4539;2;4.566;1;4.594;-;4.776;1;4.808;1;4.839;1;4.870;1; 4.900 ;1;4.932;8
CANANÉIA;3509908;7;12.374;14;12226;11;12.220;9;12.216;6;12.598;16;12.601;13;12.604;6;12.606;14; 12.609 ;14;12.539;110
CANAS;3509957;-;4.765;-;4387;1;4.444;-;4.502;-;4.722;-;4.788;1;4.852;-;4.914;1; 4.975 ;1;5.071;4
CÂNDIDO MOTA;3510005;9;30.776;2;29911;5;29.930;8;29.976;5;30.993;9;31.063;7;31.131;4;31.198;4; 31.263 ;3;31.212;56
CÂNDIDO RODRIGUES;3510104;-;2.770;-;2668;1;2.672;-;2.677;1;2.767;-;2.773;1;2.780;-;2.786;-; 2.792 ;-;2.787;3
CANITAR;3510153;3;4.743;4;4369;3;4.437;-;4.504;3;4.737;1;4.812;-;4.884;1;4.956;3; 5.025 ;1;5.139;19
CAPÃO BONITO;3510203;13;46.338;11;46178;11;46.135;15;46.095;14;47.510;14;47.498;15;47.486;14;47.475;7; 47.463 ;14;47.159;128
CAPELA DO ALTO;3510302;3;17.232;3;17533;5;17.784;4;18.029;18;18.933;28;19.212;42;19.482;32;19.747;41; 20.005 ;32;20.419;208
CAPIVARI;3510401;18;46.331;18;48573;11;49.122;11;49.650;13;51.949;9;52.559;13;53.152;26;53.731;13; 54.298 ;13;55.141;145
CARAGUATATUBA;3510500;68;96.125;84;100899;81;102.522;63;104.150;64;109.678;84;111.524;97;113.317;97;115.071;122; 116.786 ;111;119.625;871
CARAPICUÍBA;3510609;196;392.701;174;369908;198;371.502;182;373.358;186;387.788;207;390.073;207;392.294;198;394.465;254; 396.587 ;252;398.611;2054
CARDOSO;3510708;3;11.624;1;11798;3;11.820;4;11.836;5;12.233;3;12.257;3;12.281;3;12.305;4; 12.328 ;1;12.303;30
CASA BRANCA;3510807;36;28.189;30;28312;29;28.423;21;28.535;34;29.597;24;29.739;25;29.877;19;30.012;22; 30.144 ;16;30.237;256
CÁSSIA DOS COQUEIROS;3510906;-;2.737;-;2627;1;2.616;-;2.599;-;2.657;1;2.640;2;2.623;-;2.607;-; 2.591 ;1;2.542;5
CASTILHO;3511003;2;16.165;2;18006;1;18.237;2;18.465;3;19.360;9;19.620;9;19.873;5;20.120;5; 20.362 ;3;20.738;41
CATANDUVA;3511102;21;114.812;25;112843;23;113.355;18;113.873;24;118.209;21;118.853;20;119.480;21;120.092;18; 120.691 ;18;121.210;209
CATIGUÁ;3511201;1;7.250;3;7127;-;7.171;-;7.214;-;7.502;-;7.553;-;7.603;-;7.652;1; 7.700 ;2;7.752;7
CEDRAL;3511300;-;8.258;2;7968;1;8.070;1;8.165;3;8.553;-;8.662;-;8.767;2;8.870;2; 8.971 ;2;9.125;13
CERQUEIRA CÉSAR;3511409;2;17.337;2;17532;2;17.715;10;17.893;19;18.703;10;18.909;30;19.109;38;19.304;60; 19.495 ;22;19.774;195
CERQUILHO;3511508;8;38.199;8;39649;8;40.393;6;41.144;4;43.473;10;44.320;2;45.142;5;45.947;9; 46.733 ;5;48.074;65
CESÁRIO LANGE;3511607;1;14.979;7;15547;1;15.744;6;15.942;3;16.717;6;16.943;4;17.163;4;17.378;5; 17.587 ;3;17.915;40
CHARQUEADA;3511706;2;15.423;-;15086;2;15.242;3;15.395;6;16.092;1;16.268;1;16.440;2;16.608;4; 16.772 ;5;17.009;26
CHAVANTES;3557204;2;12.688;4;12114;1;12.108;4;12.102;2;12.480;1;12.482;2;12.484;3;12.486;2; 12.487 ;2;12.418;23
CLEMENTINA;3511904;1;6.582;-;7064;2;7.192;-;7.316;2;7.717;-;7.856;-;7.992;-;8.124;1; 8.254 ;1;8.472;7
COLINA;3512001;4;17.745;11;17373;7;17.425;-;17.478;2;18.107;3;18.177;3;18.245;3;18.311;4; 18.376 ;9;18.398;46
COLÔMBIA;3512100;-;6.345;-;5994;-;5.997;-;6.001;3;6.196;2;6.203;-;6.211;-;6.218;-; 6.225 ;2;6.203;7
CONCHAL;3512209;16;24.485;16;25242;7;25.425;7;25.615;6;26.689;7;26.914;10;27.132;2;27.345;8; 27.554 ;6;27.820;85
CONCHAS;3512308;7;16.274;6;16302;10;16.394;9;16.497;10;17.162;11;17.286;4;17.406;2;17.523;8; 17.638 ;4;17.770;71
CORDEIRÓPOLIS;3512407;8;20.720;9;21085;4;21.348;11;21.607;6;22.648;3;22.945;11;23.234;6;23.517;9; 23.793 ;3;24.221;70
COROADOS;3512506;2;5.250;2;5238;-;5.301;-;5.362;2;5.615;1;5.685;3;5.753;-;5.820;1; 5.885 ;3;5.986;14
CORONEL MACEDO;3512605;-;5.343;-;5001;1;4.956;1;4.913;1;5.009;2;4.965;2;4.922;-;4.881;2; 4.840 ;2;4.728;11
CORUMBATAÍ;3512704;1;4.138;-;3874;1;3.880;1;3.887;1;4.018;1;4.027;-;4.036;1;4.045;1; 4.054 ;-;4.047;7
COSMÓPOLIS;3512803;17;59.297;18;58821;12;59.938;16;61.013;27;64.415;24;65.628;17;66.807;23;67.960;37; 69.086 ;22;70.998;213
COSMORAMA;3512902;3;7.033;-;7214;3;7.202;-;7.191;-;7.404;2;7.396;2;7.388;2;7.381;1; 7.374 ;2;7.316;15
COTIA;3513009;51;182.045;78;201023;74;205.154;69;209.027;66;220.941;78;225.306;87;229.548;89;233.696;89; 237.750 ;93;244.694;774
CRAVINHOS;3513108;3;30.849;4;31688;7;31.943;5;32.187;6;33.543;6;33.831;8;34.110;6;34.384;4; 34.651 ;6;34.998;55
CRISTAIS PAULISTA;3513207;1;7.436;-;7591;-;7.665;2;7.741;-;8.089;2;8.176;1;8.260;-;8.343;-; 8.424 ;1;8.541;7
CRUZÁLIA;3513306;;2.356;;2270;;2.248;;2.224;;2.260;;2.234;;2.209;;2.185;; 2.161 ;;2.100;
CRUZEIRO;3513405;43;79.957;61;77070;45;77.311;46;77.575;34;80.408;36;80.749;27;81.082;32;81.406;24; 81.724 ;35;81.895;383
CUBATÃO;3513504;121;129.582;147;118797;99;119.519;118;120.293;112;125.178;123;126.105;102;127.006;128;127.887;110; 128.748 ;153;129.760;1213
CUNHA;3513603;7;23.735;5;21874;4;21.772;2;21.682;-;22.251;1;22.167;3;22.086;-;22.007;5; 21.929 ;1;21.639;28
DESCALVADO;3513702;9;30.867;6;31053;1;31.220;5;31.379;2;32.595;5;32.790;6;32.980;7;33.165;5; 33.346 ;5;33.520;51
DIADEMA;3513801;164;397.738;150;386039;156;388.575;140;390.980;180;406.718;179;409.613;172;412.428;161;415.180;194; 417.869 ;209;420.934;1705
DIRCE REIS;3513850;-;1.623;-;1689;-;1.694;1;1.699;-;1.760;-;1.766;-;1.772;-;1.779;1; 1.785 ;-;1.786;2
DIVINOLÂNDIA;3513900;2;11.343;-;11209;2;11.146;1;11.086;-;11.604;-;11.547;-;11.492;3;11.437;1; 11.384 ;-;11.208;9
DOBRADA;3514007;-;8.214;1;7941;-;8.011;-;8.080;-;8.432;-;8.513;1;8.592;-;8.669;-; 8.744 ;1;8.846;3
DOIS CÓRREGOS;3514106;4;26.040;3;24768;4;24.933;1;25.100;1;26.126;2;26.324;1;26.517;3;26.706;3; 26.891 ;5;27.112;27
DOLCINÓPOLIS;3514205;-;2.272;1;2096;-;2.092;-;2.088;2;2.148;-;2.145;-;2.142;-;2.139;-; 2.136 ;-;2.119;3
DOURADO;3514304;2;9.131;1;8607;-;8.609;-;8.610;1;8.884;-;8.890;-;8.897;2;8.903;1; 8.909 ;2;8.868;9
DRACENA;3514403;22;44.309;33;43263;31;43.470;32;43.675;25;45.346;37;45.600;39;45.847;34;46.088;46; 46.324 ;53;46.536;352
DUARTINA;3514502;-;12.796;-;12251;-;12.234;3;12.218;4;12.585;5;12.576;4;12.567;6;12.558;5; 12.549 ;8;12.457;35
DUMONT;3514601;2;8.346;-;8143;2;8.284;2;8.421;2;8.874;6;9.028;-;9.178;2;9.325;2; 9.468 ;3;9.708;21
ECHAPORÃ;3514700;1;6.239;2;6318;1;6.279;-;6.242;1;6.389;-;6.352;1;6.316;1;6.281;2; 6.247 ;2;6.141;11
ELDORADO;3514809;3;14.514;4;14645;5;14.680;4;14.718;3;15.238;3;15.289;3;15.339;4;15.388;5; 15.436 ;6;15.443;40
ELIAS FAUSTO;3514908;-;15.312;1;15796;4;15.920;1;16.060;8;16.762;3;16.926;1;17.085;2;17.241;5; 17.393 ;5;17.604;30
ELISIÁRIO;3514924;1;3.317;2;3120;-;3.162;-;3.202;-;3.359;1;3.406;-;3.451;-;3.494;-; 3.537 ;-;3.604;4
EMBAÚBA;3514957;-;2.442;-;2423;-;2.419;-;2.415;1;2.486;1;2.484;-;2.481;-;2.479;-; 2.476 ;-;2.456;2
EMBU;3515004;116;248.722;129;240007;113;242.730;134;245.148;148;256.247;132;259.053;106;261.781;111;264.448;140; 267.054 ;150;270.843;1279
EMBU-GUAÇU;3515103;17;62.137;31;62846;28;63.218;36;63.653;33;66.273;28;66.792;46;67.296;23;67.788;35; 68.270 ;41;68.856;318
EMILIANÓPOLIS;3515129;1;3.184;-;3024;-;3.030;-;3.040;1;3.149;-;3.162;2;3.174;1;3.186;2; 3.197 ;-;3.202;7
ENGENHEIRO COELHO;3515152;2;14.300;4;15719;1;16.158;3;16.580;5;17.681;4;18.153;12;18.611;2;19.059;4; 19.497 ;6;20.284;43
ESPÍRITO SANTO DO PINHAL;3515186;5;42.260;10;41919;6;42.017;5;42.123;10;43.611;9;43.756;14;43.897;10;44.036;8; 44.170 ;8;44.186;85
ESPÍRITO SANTO DO TURVO;3515194;-;4.428;3;4246;3;4.288;4;4.330;1;4.525;-;4.574;-;4.621;1;4.668;1; 4.713 ;1;4.779;14
ESTIVA GERBI;3557303;2;9.657;2;10044;-;10.135;1;10.224;1;10.669;-;10.772;4;10.873;1;10.971;1; 11.067 ;1;11.198;13
ESTRELA DO NORTE;3515301;1;9.042;-;2661;1;2.661;-;2.663;1;2.752;-;2.756;-;2.761;-;2.765;-; 2.769 ;1;8.418;4
ESTRELA D'OESTE;3515202;2;2.474;-;8208;-;8.204;3;8.201;-;8.458;1;8.460;2;8.462;-;8.464;1; 8.466 ;2;2.762;11
EUCLÍDES DA CUNHA PAULISTA;3515350;2;10.168;2;9585;7;9.537;1;9.491;3;9.729;-;9.685;-;9.642;1;9.600;1; 9.559 ;2;9.419;19
FARTURA;3515400;3;14.969;4;15324;4;15.344;9;15.367;2;15.889;3;15.925;2;15.960;3;15.994;3; 16.028 ;6;16.001;39
FERNANDO PRESTES;3515608;-;5.312;-;5534;1;5.542;1;5.550;-;5.736;-;5.748;-;5.760;-;5.771;3; 68.670 ;1;68.823;6
FERNANDÓPOLIS;3515509;17;63.539;17;64707;13;64.930;10;65.157;20;67.543;26;67.836;18;68.120;14;68.399;11; 5.782 ;17;5.771;163
FERNÃO;3515657;-;1.521;1;1563;-;1.573;-;1.583;-;1.646;2;1.658;-;1.669;-;1.680;2; 1.691 ;-;1.704;5
FERRAZ DE VASCONCELOS;3515707;111;179.231;90;168290;84;170.296;82;172.222;100;180.326;84;182.544;111;184.700;71;186.808;83; 188.868 ;104;191.993;920
FLORA RICA;3515806;-;2.029;-;1752;-;1.719;-;1.688;-;1.699;1;1.666;-;1.634;-;1.602;-; 1.571 ;-;1.499;1
FLOREAL;3515905;1;2.884;-;3003;-;2.986;2;2.970;-;3.042;-;3.027;-;3.011;-;2.996;1; 2.982 ;-;2.934;4
FLÓRIDA PAULISTA;3516002;25;13.761;19;12849;14;12.982;23;13.112;42;13.704;53;13.854;29;14.000;35;14.143;36; 14.282 ;35;14.486;311
FLORÍNIA;3516101;-;2.856;2;2829;5;2.806;-;2.785;-;2.843;1;2.821;1;2.799;1;2.778;19; 2.758 ;25;2.699;54
FRANCA;3516200;55;330.938;60;318785;82;321.012;69;323.307;77;336.734;65;339.461;72;342.112;53;344.704;77; 347.237 ;63;350.400;673
FRANCISCO MORATO;3516309;75;157.294;61;154538;73;156.063;44;157.603;56;164.718;70;166.505;66;168.243;47;169.942;85; 171.602 ;73;174.008;650
FRANCO DA ROCHA;3516408;107;131.366;83;131603;87;133.406;131;135.150;109;141.824;128;143.817;169;145.755;149;147.650;195; 149.502 ;161;152.433;1319
GABRIEL MONTEIRO;3516507;-;2.698;-;2705;1;2.707;-;2.706;-;2.790;-;2.790;-;2.790;-;2.791;3; 2.791 ;-;2.776;4
GÁLIA;3516606;2;6.635;1;7011;1;6.946;2;6.884;1;7.019;2;6.956;-;6.894;1;6.834;2; 6.776 ;2;6.615;14
GARÇA;3516705;9;43.380;9;43124;16;43.111;9;43.108;14;44.479;9;44.506;10;44.532;11;44.557;7; 44.582 ;6;44.370;100
GASTÃO VIDIGAL;3516804;-;4.118;4;4193;2;4.240;2;4.285;1;4.482;-;4.534;1;4.585;-;4.634;1; 4.683 ;-;4.754;11
GAVIÃO PEIXOTO;3516853;1;4.244;1;4420;-;4.441;-;4.464;-;4.635;2;4.662;-;4.688;1;4.714;-; 4.739 ;-;4.762;5
GENERAL SALGADO;3516903;1;10.934;2;10674;4;10.657;2;10.646;-;10.970;-;10.966;-;10.961;1;10.956;-; 10.951 ;1;10.876;11
GETULINA;3517000;37;10.960;34;10777;25;10.795;28;10.825;20;11.209;27;11.249;30;11.287;30;11.325;42; 11.362 ;43;11.370;316
GLICÉRIO;3517109;1;4.547;-;4577;1;4.576;1;4.586;-;4.745;-;4.759;1;4.773;-;4.787;1; 4.800 ;-;4.801;5
GUAIÇARA;3517208;-;11.206;-;10671;2;10.782;1;10.891;2;11.385;1;11.511;4;11.633;2;11.752;6; 11.869 ;2;12.039;20
GUAIMBÊ;3517307;1;4.740;1;5425;-;5.442;-;5.458;4;5.654;3;5.676;2;5.696;1;5.717;-; 5.737 ;4;5.743;16
GUAÍRA;3517406;14;38.676;7;37412;6;37.618;7;37.826;11;39.314;7;39.567;6;39.813;6;40.053;6; 40.287 ;6;40.533;76
GUAPIAÇU;3517505;3;17.938;5;17885;4;18.159;3;18.441;1;19.409;3;19.728;5;20.037;1;20.340;1; 20.637 ;2;21.125;28
GUAPIARA;3517604;3;20.927;2;17988;5;17.865;1;17.738;3;18.129;2;18.002;3;17.879;3;17.758;2; 17.640 ;2;17.293;26
GUARÁ;3517703;5;19.168;8;19864;5;19.930;4;20.001;4;20.733;3;20.823;-;20.911;1;20.997;11; 21.081 ;5;21.129;46
GUARAÇAÍ;3517802;2;8.657;-;8435;5;8.400;2;8.366;-;8.586;2;8.555;-;8.525;2;8.495;3; 8.466 ;3;8.357;19
GUARACI;3517901;3;9.459;2;9976;5;10.063;3;10.147;6;10.584;7;10.683;1;10.778;1;10.872;5; 10.964 ;7;11.088;40
GUARANI D'OESTE;3518008;-;2.017;-;1969;-;1.967;-;1.965;-;2.023;1;2.021;-;2.020;-;2.018;1; 2.017 ;-;2.002;2
GUARANTÃ;3518107;3;6.680;1;6400;1;6.410;-;6.417;1;6.629;4;6.640;2;6.651;-;6.662;1; 6.672 ;1;6.654;14
GUARARAPES;3518206;7;29.639;4;30600;6;30.732;2;30.862;1;32.023;7;32.187;5;32.346;6;32.502;7; 32.654 ;2;32.774;47
GUARAREMA;3518305;-;26.974;5;25861;3;26.146;4;26.439;1;27.679;3;28.016;6;28.344;5;28.664;4; 28.978 ;5;29.451;36
GUARATINGUETÁ;3518404;32;113.357;25;112091;42;112.675;42;113.258;40;117.663;37;118.378;32;119.073;34;119.753;39; 120.417 ;32;121.073;355
GUAREÍ;3518503;14;14.918;24;14568;25;14.900;24;15.225;34;16.149;42;16.513;49;16.867;51;17.213;50; 17.551 ;43;18.143;356
GUARIBA;3518602;7;34.508;3;35491;2;35.824;2;36.151;5;37.747;26;38.128;6;38.499;3;38.861;3; 39.216 ;5;39.714;62
GUARUJÁ;3518701;234;308.058;266;290607;317;292.743;275;294.669;279;306.683;305;308.989;322;311.230;298;313.421;327; 315.563 ;382;318.107;3005
GUARULHOS;3518800;481;1.299.283;498;1222357;524;1.233.436;506;1.244.518;622;1.299.249;597;1.312.197;618;1.324.781;580;1.337.087;562; 1.349.113 ;672;1.365.899;5660
GUATAPARÁ;3518859;-;6.382;-;6966;-;7.012;1;7.056;-;7.341;1;7.394;-;7.446;1;7.496;2; 7.546 ;2;7.602;7
GUZOLÂNDIA;3518909;-;4.917;-;4754;1;4.789;1;4.824;2;5.023;1;5.064;2;5.103;1;5.142;1; 5.179 ;1;5.226;10
HERCULÂNDIA;3519006;1;9.125;2;8696;-;8.750;-;8.803;-;9.154;1;9.217;1;9.278;1;9.338;-; 9.397 ;-;9.462;6
HOLAMBRA;3519055;1;10.224;2;11292;1;11.613;4;11.917;5;12.707;2;13.046;1;13.375;2;13.698;1; 14.012 ;2;14.579;21
HORTOLÂNDIA;3519071;87;205.856;81;192225;74;195.775;111;198.758;120;209.139;106;212.527;133;215.819;115;219.039;135; 222.186 ;131;227.353;1093
IACANGA;3519105;-;9.732;-;10010;3;10.146;2;10.275;-;10.776;1;10.923;5;11.066;-;11.206;3; 11.343 ;1;11.559;15
IACRI;3519204;1;6.879;-;6419;-;6.391;1;6.365;-;6.530;2;6.505;-;6.481;1;6.457;-; 6.434 ;-;6.348;5
IARAS;3519253;11;5.658;9;6377;3;6.631;9;6.878;12;7.431;23;7.704;10;7.970;7;8.230;4; 8.484 ;13;8.956;101
IBATÉ;3519303;4;29.714;3;30724;9;31.062;2;31.380;5;32.810;9;33.178;6;33.535;7;33.884;7; 34.226 ;11;34.726;63
IBIRÁ;3519402;3;11.141;3;10868;1;11.007;2;11.115;1;11.615;2;11.740;-;11.861;1;11.980;4; 12.096 ;1;12.264;18
IBIRAREMA;3519501;-;7.235;1;6725;2;6.804;1;6.880;6;7.203;2;7.290;-;7.376;1;7.459;4; 7.540 ;1;7.663;18
IBITINGA;3519600;13;53.148;28;53166;20;53.660;13;54.146;16;56.531;13;57.098;16;57.649;21;58.188;17; 58.715 ;16;59.451;173
IBIÚNA;3519709;9;67.392;19;71228;18;71.741;16;72.249;14;75.241;9;75.845;16;76.432;15;77.005;20; 77.566 ;20;78.262;156
ICÉM;3519808;2;6.524;3;7462;-;7.515;1;7.567;1;7.877;1;7.938;-;7.997;3;8.055;7; 8.112 ;12;8.181;30
IEPÊ;3519907;1;7.856;6;7627;-;7.656;1;7.685;1;7.966;2;8.002;5;8.036;4;8.070;4; 8.103 ;1;8.124;25
IGARAÇU DO TIETÊ;3520004;4;24.124;5;23370;11;23.419;6;23.475;3;24.299;11;24.376;10;24.451;9;24.525;12; 24.596 ;13;24.598;84
IGARAPAVA;3520103;3;28.230;4;27960;8;28.108;6;28.259;11;29.365;15;29.549;7;29.727;2;29.902;4; 30.073 ;9;30.246;69
IGARATÁ;3520202;4;8.950;1;8825;2;8.872;1;8.913;1;9.251;1;9.301;3;9.349;1;9.397;1; 9.443 ;-;9.483;15
IGUAPE;3520301;20;30.675;19;28844;15;28.950;14;29.055;16;30.124;17;30.259;27;30.390;16;30.519;20; 30.644 ;24;30.721;188
ILHA COMPRIDA;3520426;3;10.090;5;9027;7;9.203;6;9.376;10;9.908;4;10.102;5;10.291;4;32.782;4; 33.354 ;4;34.333;52
ILHA SOLTEIRA;3520442;7;25.144;1;25071;-;25.146;3;25.226;2;26.138;-;26.242;2;26.344;1;10.476;4; 10.656 ;5;10.965;25
ILHABELA;3520400;14;26.011;13;28176;12;28.761;11;29.308;11;30.983;12;31.599;10;32.197;6;26.443;8; 26.540 ;9;26.582;106
INDAIATUBA;3520509;51;183.803;35;201848;58;205.808;39;209.859;54;222.042;35;226.602;39;231.033;35;235.367;53; 239.602 ;58;246.908;457
INDIANA;3520608;-;4.751;-;4828;-;4.817;2;4.809;1;4.951;-;4.946;-;4.941;1;4.936;3; 4.931 ;1;4.892;8
INDIAPORÃ;3520707;1;3.949;1;3906;-;3.891;1;3.880;-;3.988;1;3.978;2;3.969;1;3.960;1; 3.951 ;-;3.908;8
INÚBIA PAULISTA;3520806;-;3.841;-;3630;-;3.654;1;3.678;-;3.826;-;3.854;-;3.881;2;3.907;-; 3.933 ;-;3.963;3
IPAUÇU;3520905;1;13.608;3;13746;2;13.748;1;13.831;1;14.383;3;14.483;4;14.579;2;14.674;8; 14.766 ;3;14.869;28
IPERÓ;3521002;29;27.526;23;28301;32;29.061;43;29.798;23;31.745;44;32.568;53;33.367;44;34.149;56; 34.913 ;26;36.280;373
IPEÚNA;3521101;-;5.691;1;6016;-;6.145;2;6.270;-;6.638;2;6.778;1;6.914;-;7.047;1; 7.177 ;3;7.401;10
IPIGUÁ;3521150;-;4.253;-;4459;-;4.539;-;4.613;3;4.858;4;4.941;-;5.022;1;5.101;1; 5.178 ;2;5.306;11
IPORANGA;3521200;-;4.789;-;4302;3;4.279;-;4.260;1;4.369;-;4.351;1;4.333;-;4.316;-; 4.299 ;2;4.238;7
IPUÃ;3521309;1;15.883;6;14146;-;14.323;-;14.492;3;15.184;2;15.378;4;15.567;2;15.752;5; 15.932 ;2;16.209;25
IRACEMÁPOLIS;3521408;4;19.700;6;20047;4;20.372;8;20.705;-;21.815;2;22.191;6;22.557;2;22.914;6; 23.264 ;3;23.846;41
IRAPUÃ;3521507;-;6.978;1;7284;-;7.322;-;7.369;1;7.666;-;7.721;2;7.774;1;7.827;1; 7.878 ;-;7.937;6
IRAPURU;3521606;13;7.874;16;7787;15;7.814;23;7.840;37;8.123;32;8.155;43;8.187;29;8.217;33; 8.248 ;39;8.261;280
ITABERÁ;3521705;3;17.674;2;17861;1;17.777;4;17.699;4;18.158;1;18.086;2;18.015;-;17.946;-; 17.879 ;-;17.635;17
ITAÍ;3521804;8;24.093;8;24015;6;24.236;5;24.457;6;25.535;11;25.792;9;26.042;5;26.287;9; 26.526 ;11;26.861;78
ITAJOBI;3521903;2;14.683;-;14553;1;14.581;1;14.606;-;15.104;1;15.141;2;15.177;-;15.212;2; 15.246 ;5;15.226;14
ITAJU;3522000;-;2.714;1;3263;-;3.293;1;3.338;-;3.505;1;3.556;-;3.606;-;3.655;-; 3.703 ;1;3.782;4
ITANHAÉM;3522109;64;87.338;81;87053;99;88.213;120;89.332;90;93.696;123;94.977;128;96.222;115;97.439;115; 98.629 ;109;100.496;1044
ITAÓCA;3522158;2;3.143;1;3228;2;3.228;-;3.229;1;3.332;-;3.334;-;3.337;-;3.339;1; 3.341 ;-;3.326;7
ITAPECERICA DA SERRA;3522208;87;161.983;72;152380;70;154.374;75;156.077;74;163.363;86;165.327;100;167.236;83;169.103;95; 170.927 ;95;173.672;837
ITAPETININGA;3522307;57;148.808;58;144416;40;145.821;50;147.219;51;153.810;77;155.436;70;157.016;79;158.561;85; 160.070 ;90;162.231;657
ITAPEVA;3522406;11;89.768;32;87765;12;88.128;22;88.491;20;91.807;29;92.265;28;92.710;27;93.145;42; 93.570 ;32;93.892;255
ITAPEVI;3522505;118;205.881;130;200874;131;203.712;120;206.558;115;217.005;135;220.250;120;223.404;106;226.488;129; 229.502 ;121;234.352;1225
ITAPIRA;3522604;20;72.657;21;68365;34;68.933;27;69.317;23;72.048;13;72.514;19;72.967;23;73.410;11; 73.844 ;20;74.299;211
ITAPIRAPUÃ PAULISTA;3522653;1;3.919;1;3884;-;3.903;-;3.926;-;4.081;1;4.109;-;4.135;-;4.161;1; 4.186 ;-;4.213;4
ITÁPOLIS;3522703;5;40.411;5;40064;3;40.228;6;40.399;2;41.920;2;42.135;2;42.343;8;42.547;4; 42.747 ;10;42.903;47
ITAPORANGA;3522802;3;14.780;7;14546;2;14.564;4;14.579;3;15.064;6;15.090;-;15.115;3;15.140;4; 15.165 ;9;15.125;41
ITAPUÍ;3522901;3;12.536;6;12181;1;12.311;8;12.446;1;13.023;2;13.178;2;13.328;3;13.475;2; 13.618 ;1;13.833;29
ITAPURA;3523008;2;3.941;1;4360;2;4.397;1;4.436;-;4.629;1;4.674;1;4.717;2;4.760;-; 4.802 ;2;4.860;12
ITAQUAQUECETUBA;3523107;141;359.253;133;321854;130;325.518;132;329.144;121;344.558;105;348.739;109;352.801;127;356.774;137; 360.657 ;136;366.519;1271
ITARARÉ;3523206;8;51.412;10;47939;9;48.040;16;48.143;6;49.818;14;49.963;4;50.105;9;50.243;12; 50.379 ;8;50.360;96
ITARIRI;3523305;4;16.284;7;15471;6;15.614;7;15.752;14;16.441;7;16.602;5;16.759;12;16.913;12; 17.062 ;9;17.271;83
ITATIBA;3523404;27;99.047;25;101450;20;103.027;21;104.533;24;109.907;14;111.620;28;113.284;28;114.912;37; 116.503 ;37;119.090;261
ITATINGA;3523503;2;19.085;4;18052;2;18.252;4;18.446;1;19.297;3;19.520;4;19.738;5;19.951;2; 20.158 ;9;20.467;36
ITIRAPINA;3523602;24;14.829;24;15528;26;15.730;41;15.930;37;16.709;22;16.938;34;17.160;23;17.377;24; 17.589 ;24;17.922;279
ITIRAPUÃ;3523701;1;5.903;1;5914;-;5.953;-;5.990;-;6.232;-;6.277;-;6.321;-;6.363;-; 6.405 ;-;6.453;2
ITOBI;3523800;1;7.708;-;7545;1;7.552;-;7.559;-;7.807;-;7.819;2;7.831;3;7.842;-; 7.853 ;2;7.830;9
ITU;3523909;40;157.384;54;154200;61;155.589;35;156.983;52;163.882;48;165.511;57;167.095;47;168.643;42; 170.157 ;60;172.268;496
ITUPEVA;3524006;10;42.458;6;44825;12;46.294;11;47.682;13;51.082;7;52.627;9;54.128;8;55.596;11; 57.031 ;9;59.649;96
ITUVERAVA;3524105;4;40.882;9;38699;15;38.881;13;39.062;9;40.552;7;40.776;6;40.994;11;41.206;10; 41.414 ;8;41.598;92
JABORANDI;3524204;-;6.715;-;6592;-;6.605;-;6.618;1;6.846;1;6.864;2;6.882;-;6.900;4; 6.917 ;1;6.911;9
JABOTICABAL;3524303;19;73.084;11;71667;14;71.989;17;72.305;13;75.041;8;75.436;10;75.820;8;76.196;19; 76.563 ;17;76.864;136
JACAREÍ;3524402;61;212.824;67;211308;79;212.743;58;214.223;66;223.064;77;224.826;73;226.539;64;228.214;56; 229.851 ;64;231.863;665
JACI;3524501;-;5.556;6;5657;3;5.775;4;5.890;-;6.233;3;6.361;1;6.486;1;6.609;2; 6.728 ;-;6.934;20
JACUPIRANGA;3524600;4;16.322;2;17196;9;17.221;4;17.234;6;17.801;5;17.826;8;17.851;6;17.876;5; 17.900 ;4;17.842;53
JAGUARIÚNA;3524709;13;41.107;14;44331;7;45.440;12;46.533;7;49.497;11;50.719;7;51.907;10;53.069;13; 54.204 ;17;56.221;111
JALES;3524808;15;49.996;7;47012;9;47.075;14;47.137;11;48.724;17;48.825;11;48.922;8;49.017;10; 49.110 ;2;49.011;104
JAMBEIRO;3524907;-;5.550;-;5350;1;5.453;-;5.554;1;5.868;-;5.981;-;6.092;-;6.200;-; 6.305 ;1;6.485;3
JANDIRA;3525003;43;112.130;47;108436;43;109.613;37;110.842;44;116.041;30;117.457;48;118.832;45;120.177;41; 121.492 ;50;123.481;428
JARDINÓPOLIS;3525102;7;37.471;9;37725;8;38.193;8;38.708;14;40.640;17;41.228;22;41.799;28;42.358;37; 42.904 ;32;43.774;182
JARINU;3525201;5;22.822;5;23827;4;24.369;3;24.875;3;26.353;8;26.921;7;27.473;15;28.012;16; 28.540 ;12;29.456;78
JAÚ;3525300;29;135.546;25;131068;35;132.493;28;133.900;32;140.077;45;141.703;42;143.283;26;144.828;37; 146.338 ;34;148.581;333
JERIQUARA;3525409;-;3.216;-;3168;-;3.151;-;3.142;1;3.230;1;3.223;-;3.216;-;3.209;-; 3.202 ;-;3.168;2
JOANÓPOLIS;3525508;2;11.169;3;11771;-;11.872;1;11.974;6;12.492;3;12.610;1;12.725;1;12.837;1; 12.947 ;3;13.098;21
JOÃO RAMALHO;3525607;-;4.344;-;4138;1;4.174;1;4.197;-;4.361;1;4.389;-;4.416;-;4.442;-; 4.468 ;-;4.495;3
JOSÉ BONIFÁCIO;3525706;3;32.551;3;32774;5;33.074;6;33.375;11;34.846;10;35.197;10;35.538;7;35.872;2; 36.198 ;8;36.655;65
JÚLIO MESQUITA;3525805;1;4.539;1;4430;1;4.450;-;4.470;-;4.639;1;4.663;4;4.687;1;4.710;1; 4.733 ;3;4.752;13
JUMIRIM;3525854;-;2.290;3;2801;-;2.844;1;2.889;-;3.042;1;3.092;-;3.142;1;3.190;-; 3.237 ;-;3.315;6
JUNDIAÍ;3525904;116;349.929;127;370251;106;373.713;107;377.183;114;393.920;101;397.965;103;401.896;99;405.740;142; 409.497 ;115;414.810;1130
JUNQUEIRÓPOLIS;3526001;19;19.976;19;18726;34;18.858;33;18.986;31;19.765;24;19.918;37;20.066;51;20.211;68; 20.353 ;46;20.524;362
JUQUIÁ;3526100;6;19.585;-;19269;13;19.149;7;19.055;8;19.535;11;19.446;8;19.359;8;19.274;6; 19.192 ;4;18.908;71
JUQUITIBA;3526209;8;29.335;9;28732;8;28.912;8;29.081;11;30.239;12;30.443;14;30.642;8;30.837;14; 31.027 ;14;31.235;106
LAGOINHA;3526308;-;4.909;-;4840;-;4.832;2;4.824;-;4.966;1;4.960;-;4.954;1;4.949;2; 4.943 ;1;4.903;7
LARANJAL PAULISTA;3526407;6;26.296;7;25246;17;25.489;16;25.721;11;26.853;6;27.122;10;27.384;10;27.640;20; 27.890 ;14;28.240;117
LAVÍNIA;3526506;52;9.445;62;8782;80;9.059;71;9.330;79;9.995;91;10.297;87;10.590;97;10.876;138; 11.156 ;95;11.667;852
LAVRINHAS;3526605;1;7.002;2;6586;2;6.635;-;6.678;1;6.950;2;7.002;3;7.052;-;7.102;1; 7.150 ;1;7.207;13
LEME;3526704;34;88.995;32;91804;26;92.600;24;93.417;34;97.505;30;98.460;23;99.388;21;100.296;27; 101.184 ;34;102.412;285
LENÇÓIS PAULISTA;3526803;21;63.314;18;61454;16;61.918;18;62.393;15;65.026;30;65.587;13;66.131;20;66.664;32; 67.185 ;17;67.859;200
LIMEIRA;3526902;68;281.583;79;276010;68;278.093;80;280.096;72;291.748;68;294.128;72;296.440;86;298.701;81; 300.911 ;83;303.682;757
LINDÓIA;3527009;2;5.974;-;6708;1;6.813;2;6.912;2;7.265;2;7.377;-;7.485;2;7.591;-; 7.695 ;-;7.864;11
LINS;3527108;21;73.183;36;71493;30;71.853;13;72.260;23;75.117;15;75.612;28;76.092;22;76.562;18; 77.021 ;33;77.510;239
LORENA;3527207;32;82.770;20;82553;20;82.886;44;83.224;39;86.337;33;86.764;42;87.178;37;87.584;40; 87.980 ;29;88.276;336
LOURDES;3527256;-;2.032;-;2123;-;2.137;-;2.147;-;2.227;-;2.238;1;2.249;-;2.260;-; 2.270 ;-;2.278;1
LOUVEIRA;3527306;9;33.251;4;37153;4;38.140;6;39.122;5;41.700;8;42.796;8;43.862;10;44.904;6; 45.922 ;6;47.748;66
LUCÉLIA;3527405;15;20.284;20;19885;38;20.002;9;20.119;4;20.918;26;21.059;37;21.196;55;21.330;52; 21.461 ;13;21.604;269
LUCIANÓPOLIS;3527504;-;2.443;2;2255;1;2.256;-;2.264;1;2.345;1;2.355;-;2.364;1;2.372;-; 2.381 ;1;2.385;7
LUÍS ANTÔNIO;3527603;1;11.924;4;11286;-;11.603;2;11.910;3;12.704;2;13.046;1;13.378;2;13.703;-; 14.021 ;1;14.592;16
LUIZIÂNIA;3527702;1;5.138;1;5030;1;5.088;1;5.145;2;5.384;-;5.449;1;5.511;-;5.573;-; 5.633 ;-;5.723;7
LUPÉRCIO;3527801;2;4.396;2;4353;-;4.362;-;4.372;-;4.523;-;4.536;1;4.549;1;4.561;2; 4.573 ;-;4.571;8
LUTÉCIA;3527900;1;2.855;-;2703;1;2.700;-;2.687;2;2.754;-;2.741;-;2.729;1;2.717;-; 2.705 ;-;2.663;5
MACATUBA;3528007;5;16.939;5;16246;6;16.298;1;16.336;3;16.909;3;16.961;2;17.013;1;17.063;4; 17.111 ;2;17.111;32
MACAUBAL;3528106;-;7.672;-;7663;-;7.684;-;7.705;-;7.978;-;8.006;1;8.033;1;8.060;1; 8.086 ;-;8.093;3
MACEDÔNIA;3528205;-;3.393;1;3664;-;3.657;-;3.650;-;3.756;-;3.751;1;3.746;1;3.741;1; 3.736 ;-;3.704;4
MAGDA;3528304;-;3.160;3;3200;-;3.183;1;3.167;-;3.246;1;3.230;-;3.215;2;3.200;3; 3.185 ;-;3.136;10
MAIRINQUE;3528403;8;43.658;15;43225;11;43.472;13;43.714;15;45.436;17;45.729;12;46.015;16;46.294;27; 46.567 ;24;46.852;158
MAIRIPORÃ;3528502;7;79.155;24;80920;24;82.556;16;84.104;27;88.883;30;90.627;22;92.323;11;93.981;26; 95.601 ;24;98.374;211
MANDURI;3528601;1;9.123;-;8999;-;9.047;-;9.101;2;9.464;2;9.529;2;9.592;2;9.653;1; 9.714 ;-;9.780;10
MARABÁ PAULISTA;3528700;17;5.996;15;4812;20;4.897;19;4.981;26;5.251;28;5.345;32;5.435;35;5.524;33; 5.611 ;30;5.757;255
MARACAÍ;3528809;2;13.710;3;13344;4;13.357;4;13.382;3;13.842;1;13.878;3;13.913;1;13.948;1; 13.981 ;1;13.967;23
MARAPOAMA;3528858;-;2.780;-;2633;-;2.663;1;2.693;-;2.818;-;2.852;-;2.885;-;2.917;-; 2.949 ;-;2.996;1
MARIÁPOLIS;3528908;-;3.896;1;3916;-;3.921;1;3.926;-;4.057;1;4.064;-;4.072;1;4.079;1; 4.087 ;1;4.077;6
MARÍLIA;3529005;74;225.938;74;216684;100;218.228;66;219.664;80;228.618;73;230.336;75;232.006;112;233.639;83; 235.234 ;91;237.130;828
MARINÓPOLIS;3529104;;2.158;;2113;;2.107;;2.101;;2.160;;2.155;;2.150;;2.145;; 2.140 ;;2.117;
MARTINÓPOLIS;3529203;32;25.533;18;24260;30;24.363;45;24.502;46;25.473;40;25.641;52;25.805;56;25.966;68; 26.123 ;71;26.289;458
MATÃO;3529302;18;78.222;14;76799;19;77.172;12;77.546;23;80.528;12;80.990;19;81.439;6;81.878;12; 82.307 ;15;82.702;150
MAUÁ;3529401;141;417.458;131;417281;164;421.184;180;425.169;174;444.136;208;448.776;176;453.286;174;457.696;187; 462.005 ;200;468.148;1735
MENDONÇA;3529500;2;4.217;1;4640;3;4.708;3;4.774;2;5.014;-;5.089;1;5.161;-;5.232;1; 5.302 ;1;5.413;14
MERIDIANO;3529609;-;3.929;-;3851;-;3.842;-;3.830;1;3.934;-;3.923;1;3.912;1;3.902;1; 3.892 ;-;3.848;4
MESÓPOLIS;3529658;-;1.767;-;1886;-;1.883;3;1.880;1;1.935;-;1.933;3;1.931;1;1.928;3; 1.926 ;-;1.910;11
MIGUELÓPOLIS;3529708;1;21.095;1;20442;2;20.561;-;20.668;4;21.471;5;21.602;-;21.728;6;21.852;6; 21.973 ;3;22.093;28
MINEIROS DO TIETÊ;3529807;1;12.334;1;12042;1;12.086;3;12.133;3;12.583;1;12.642;4;12.700;2;12.757;5; 12.812 ;1;12.849;22
MIRA ESTRELA;3530003;2;2.663;-;2827;-;2.837;-;2.854;1;2.968;1;2.988;1;3.007;-;20.409;-; 20.288 ;1;19.919;6
MIRACATU;3529906;13;23.801;15;20595;14;20.455;13;20.322;8;20.790;9;20.660;9;20.533;10;3.027;10; 3.045 ;10;3.066;111
MIRANDÓPOLIS;3530102;54;26.761;77;27475;52;27.602;78;27.717;57;28.758;75;28.902;65;29.043;79;29.181;95; 29.315 ;86;29.418;718
MIRANTE DO PARANAPANEMA;3530201;-;18.131;2;17064;8;17.124;5;17.187;2;17.820;2;17.901;4;17.979;4;18.056;1; 18.130 ;1;18.178;29
MIRASSOL;3530300;11;54.920;13;53809;10;54.211;11;54.618;21;56.910;11;57.390;13;57.857;12;58.314;11; 58.760 ;13;59.333;126
MIRASSOLÂNDIA;3530409;1;4.396;-;4295;-;4.338;1;4.379;1;4.574;-;4.622;2;4.668;1;4.714;-; 4.758 ;-;4.822;6
MOCOCA;3530508;14;68.718;16;66303;17;66.345;14;66.399;15;68.590;20;68.695;16;68.797;15;68.897;13; 68.994 ;11;68.788;151
MOGI DAS CRUZES;3530607;141;375.268;150;387241;162;392.195;156;396.468;164;414.907;156;419.839;195;424.633;179;429.321;182; 433.901 ;192;440.769;1677
MOGI-GUAÇU;3530706;31;139.836;31;137286;32;138.244;36;139.211;24;144.963;18;146.114;34;147.233;35;148.327;39; 149.396 ;39;150.713;319
MOGI-MIRIM;3530805;26;88.373;18;86244;24;86.892;19;87.266;12;90.558;22;91.027;17;91.483;17;91.929;18; 92.365 ;21;92.715;194
MOMBUCA;3530904;-;3.471;-;3266;-;3.278;1;3.291;1;3.411;-;3.426;1;3.441;4;3.456;2; 3.470 ;2;3.478;11
MONÇÕES;3531001;1;2.129;1;2134;-;2.138;1;2.144;1;2.219;2;2.227;-;2.235;-;2.242;-; 2.249 ;-;2.252;6
MONGAGUÁ;3531100;62;44.087;77;46310;84;47.152;83;47.984;74;50.641;70;51.580;92;52.492;94;53.384;138; 54.257 ;106;55.731;880
MONTE ALEGRE DO SUL;3531209;-;7.473;2;7148;-;7.216;-;7.278;-;7.593;1;7.665;-;7.736;-;7.804;-; 7.871 ;-;7.964;3
MONTE ALTO;3531308;12;45.895;9;46647;12;46.874;12;47.100;19;48.907;11;49.186;8;49.456;11;49.721;11; 49.979 ;15;50.216;120
MONTE APRAZÍVEL;3531407;3;21.015;4;21748;4;22.002;-;22.250;7;23.294;6;23.579;6;23.857;4;24.128;4; 24.393 ;5;24.794;43
MONTE AZUL PAULISTA;3531506;4;19.741;5;18931;1;18.883;2;18.838;6;19.376;4;19.339;3;19.304;6;19.268;2; 19.234 ;3;19.050;36
MONTE CASTELO;3531605;1;4.131;-;4063;-;4.061;1;4.060;-;4.187;1;4.187;1;4.188;-;4.189;1; 4.190 ;1;4.166;6
MONTE MOR;3531803;11;46.641;18;48971;27;49.840;28;50.702;17;53.488;32;54.462;21;55.409;19;4.509;16; 4.549 ;20;4.608;209
MONTEIRO LOBATO;3531704;;4.295;;4123;;4.159;;4.197;;4.381;;4.424;;4.467;;56.335;; 57.240 ;;58.765;
MORRO AGUDO;3531902;2;26.305;6;29127;7;29.399;-;29.673;4;30.991;1;31.310;6;31.620;4;31.923;12; 32.220 ;7;32.641;49
MORUNGABA;3532009;2;13.305;-;11775;-;11.912;-;12.050;3;12.621;1;12.779;1;12.934;1;13.085;1; 13.232 ;-;13.458;9
MOTUCA;3532058;2;4.691;1;4290;1;4.322;-;4.354;-;4.534;-;4.571;1;4.607;-;4.642;-; 4.676 ;-;4.720;5
MURUTINGA DO SUL;3532108;-;4.290;1;4186;-;4.203;-;4.219;-;4.375;-;4.395;-;4.415;-;4.434;-; 4.453 ;1;4.466;2
NANTES;3532157;2;2.662;-;2707;1;2.741;1;2.774;1;2.905;-;2.943;-;2.979;-;3.014;-; 3.049 ;1;3.103;6
NARANDIBA;3532207;-;4.167;-;4289;2;4.330;1;4.371;3;4.564;-;4.611;-;4.657;2;4.702;3; 4.746 ;3;4.809;14
NATIVIDADE DA SERRA;3532306;2;7.674;2;6681;1;6.657;4;6.637;-;6.821;1;6.803;1;6.786;2;6.770;-; 6.754 ;-;6.681;13
NAZARÉ PAULISTA;3532405;5;15.232;9;16413;1;16.568;3;16.717;7;17.451;3;17.625;2;17.794;2;17.959;3; 18.121 ;10;18.346;45
NEVES PAULISTA;3532504;3;9.114;4;8777;2;8.762;2;8.752;3;9.017;1;9.012;-;9.008;4;9.003;-; 8.999 ;1;8.936;20
NHANDEARA;3532603;-;10.771;2;10725;1;10.766;2;10.806;1;11.203;1;11.254;3;11.303;3;11.351;1; 11.398 ;1;11.427;15
NIPOÃ;3532702;4;4.103;2;4274;1;4.351;1;4.427;-;4.669;-;4.753;1;4.835;1;4.916;-; 4.994 ;-;5.126;10
NOVA ALIANÇA;3532801;-;5.140;-;5891;3;5.977;3;6.061;2;6.367;2;6.462;-;6.555;2;6.645;-; 6.733 ;-;6.875;12
NOVA CAMPINA;3532827;5;9.267;3;8515;2;8.609;-;8.700;-;9.100;3;9.205;3;9.307;1;9.406;3; 9.504 ;-;9.647;20
NOVA CANAÃ PAULISTA;3532843;-;2.172;-;2114;1;2.086;-;2.059;2;2.087;-;2.059;-;2.032;-;2.005;-; 1.978 ;1;1.911;4
NOVA CASTILHO;3532868;;1.122;;1127;;1.135;;1.146;;1.195;;1.206;;1.217;;1.228;; 1.239 ;;1.255;
NOVA EUROPA;3532900;2;10.092;-;9301;1;9.453;2;9.601;2;10.108;1;10.276;2;10.439;-;10.599;2; 10.755 ;-;11.013;12
NOVA GRANADA;3533007;3;18.683;-;19178;4;19.346;5;19.507;2;20.346;1;20.534;5;20.717;6;20.896;3; 21.071 ;2;21.307;31
NOVA GUATAPORANGA;3533106;-;2.184;-;2178;-;2.184;-;2.191;-;2.270;1;2.279;-;2.288;-;2.296;-; 2.304 ;-;2.308;1
NOVA INDEPENDÊNCIA;3533205;1;2.742;-;3072;-;3.145;1;3.220;-;3.423;-;3.507;1;3.588;-;3.667;-; 3.745 ;1;3.883;4
NOVA LUZITÂNIA;3533304;-;3.795;1;3441;1;3.494;1;3.546;-;3.728;1;3.787;-;3.843;-;5.421;1; 5.527 ;-;5.712;5
NOVA ODESSA;3533403;9;48.754;10;51278;7;51.946;11;52.627;12;55.229;11;56.008;14;56.764;10;3.899;10; 3.953 ;11;4.041;105
NOVAIS;3533254;-;3.974;1;4595;-;4.697;-;4.799;-;5.089;-;5.202;-;5.313;-;57.504;-; 58.227 ;-;59.371;1
NOVO HORIZONTE;3533502;3;36.271;11;36612;4;36.912;4;37.222;1;38.828;4;39.191;4;39.543;4;39.888;7; 40.225 ;3;40.680;45
NUPORANGA;3533601;-;7.004;-;6817;1;6.856;-;6.894;-;7.164;-;7.210;1;7.255;-;7.299;1; 7.341 ;-;7.386;3
OCAUÇU;3533700;1;4.341;-;4163;-;4.163;-;4.163;-;4.296;-;4.299;2;4.302;-;4.305;-; 4.308 ;1;4.287;4
ÓLEO;3533809;-;2.699;-;2673;1;2.648;-;2.625;1;2.676;-;2.652;-;2.628;3;2.605;-; 2.583 ;1;2.522;6
OLÍMPIA;3533908;15;50.602;10;49792;11;50.332;14;50.630;14;52.650;15;53.010;8;53.360;11;53.702;11; 54.037 ;11;54.406;120
ONDA VERDE;3534005;1;4.005;-;3884;-;3.920;-;3.956;-;4.128;-;4.169;2;4.209;-;4.248;1; 4.286 ;1;4.339;5
ORIENTE;3534104;2;6.382;-;6097;-;6.119;1;6.141;-;6.366;2;6.394;2;6.421;1;6.447;1; 6.473 ;-;6.487;9
ORINDIÚVA;3534203;-;5.406;2;5678;-;5.791;-;5.904;-;6.244;3;6.370;1;6.493;-;6.614;2; 6.731 ;1;6.935;9
ORLÂNDIA;3534302;4;37.534;4;39781;5;40.071;8;40.352;7;42.020;4;42.354;5;42.678;4;42.996;4; 43.306 ;13;43.687;58
OSASCO;3534401;363;718.646;310;666469;335;667.826;308;668.877;379;691.652;324;693.271;307;694.844;347;696.382;379; 697.886 ;414;696.850;3466
OSCAR BRESSANE;3534500;-;2.536;-;2539;2;2.536;1;2.535;2;2.614;-;2.614;2;2.615;2;2.615;-; 2.616 ;1;2.602;10
OSVALDO CRUZ;3534609;20;31.461;20;30917;19;31.014;28;31.109;14;32.229;18;32.353;25;32.475;29;32.593;22; 32.709 ;25;32.754;220
OURINHOS;3534708;34;104.542;38;103026;28;103.739;23;104.420;22;108.674;30;109.489;19;110.282;39;111.056;37; 111.813 ;42;112.711;312
OURO VERDE;3534807;-;8.162;2;7794;2;7.850;-;7.899;-;8.216;3;8.274;3;8.330;2;9.733;1; 9.897 ;1;10.177;14
OUROESTE;3534757;1;7.598;6;8406;2;8.567;-;8.725;2;9.215;3;9.392;2;9.564;1;8.386;4; 8.440 ;5;8.503;26
PACAEMBU;3534906;36;13.778;38;12934;47;13.280;56;13.333;56;13.829;44;13.896;69;13.961;74;14.024;112; 14.086 ;91;14.130;623
PALESTINA;3535002;2;11.354;2;11052;5;11.201;4;11.346;1;11.904;1;12.070;3;12.231;2;12.388;1; 12.542 ;2;12.786;23
PALMARES PAULISTA;3535101;4;11.742;-;10938;1;11.126;2;11.312;-;11.922;4;12.132;3;12.336;-;12.536;-; 12.730 ;1;13.058;15
PALMEIRA D'OESTE;3535200;1;9.706;-;9584;-;9.527;-;9.473;-;9.700;8;9.647;1;9.596;1;9.545;2; 9.496 ;1;9.340;14
PALMITAL;3535309;1;22.323;2;21257;5;21.223;3;21.260;4;21.987;-;22.041;-;22.094;3;22.146;7; 22.196 ;7;22.168;32
PANORAMA;3535408;7;14.577;3;14603;2;14.655;4;14.725;4;15.288;4;15.374;3;15.458;10;15.539;1; 15.619 ;6;15.690;44
PARAGUAÇU PAULISTA;3535507;18;44.685;24;42281;20;42.482;13;42.680;26;44.310;28;44.555;19;44.794;30;45.027;23; 45.255 ;12;45.455;213
PARAIBUNA;3535606;4;16.833;2;17384;1;17.417;1;17.446;1;18.040;1;18.083;2;18.125;4;18.166;1; 18.206 ;5;18.180;22
PARAÍSO;3535705;-;5.816;-;5907;-;5.934;-;5.969;-;6.207;-;6.249;-;6.290;-;6.330;-; 6.369 ;1;6.411;1
PARANAPANEMA;3535804;5;17.752;1;17810;6;17.984;3;18.155;1;18.965;-;19.164;2;19.357;3;19.545;3; 19.730 ;3;19.993;27
PARANAPUÃ;3535903;-;3.739;-;3815;-;3.829;-;3.843;-;3.983;1;4.001;1;4.018;1;4.035;-; 4.051 ;2;4.061;5
PARAPUÃ;3536000;5;11.402;-;10844;-;10.824;2;10.805;1;11.124;2;11.110;3;11.098;2;11.085;1; 11.073 ;2;10.980;18
PARDINHO;3536109;-;5.337;2;5582;1;5.647;2;5.711;5;5.979;2;6.051;-;6.122;2;6.191;2; 6.259 ;-;6.360;16
PARIQUERA-AÇU;3536208;9;18.918;7;18453;11;18.507;6;18.567;5;19.239;9;19.316;1;19.391;11;19.465;10; 19.537 ;11;19.570;80
PARISI;3536257;-;2.149;1;2032;-;2.038;-;2.045;-;2.118;-;2.126;-;2.134;2;2.142;2; 2.150 ;1;2.153;6
PATROCÍNIO PAULISTA;3536307;1;12.943;1;13002;-;13.122;2;13.240;-;13.821;-;13.959;-;14.093;-;14.223;2; 14.351 ;2;14.529;8
PAULICÉIA;3536406;2;5.791;2;6342;2;6.419;3;6.496;2;6.807;1;6.895;2;6.981;3;7.065;-; 7.147 ;-;7.274;17
PAULÍNIA;3536505;14;84.577;17;82150;12;84.512;24;86.800;26;92.668;23;95.221;19;97.702;29;100.128;25; 102.499 ;37;106.776;226
PAULISTÂNIA;3536570;-;1.909;-;1778;-;1.779;1;1.779;-;1.836;-;1.837;-;1.839;-;1.840;-; 1.841 ;-;1.832;1
PAULO DE FARIA;3536604;2;9.463;2;8589;-;8.598;2;8.607;1;8.893;1;8.909;1;8.924;3;8.939;1; 8.953 ;3;8.930;16
PEDERNEIRAS;3536703;8;43.245;3;41530;6;41.872;9;42.235;14;44.073;7;44.498;9;44.910;7;45.314;6; 45.708 ;7;46.251;76
PEDRA BELA;3536802;1;6.142;-;5780;2;5.793;3;5.806;2;6.009;-;6.027;3;6.044;-;6.062;-; 6.078 ;1;6.075;12
PEDRANÓPOLIS;3536901;-;2.834;2;2561;1;2.544;-;2.532;1;2.595;1;2.582;-;2.570;-;2.558;1; 2.547 ;-;2.508;6
PEDREGULHO;3537008;-;15.777;-;15699;3;15.754;1;15.807;2;16.382;1;16.450;2;16.517;-;16.582;-; 16.645 ;-;16.676;9
PEDREIRA;3537107;13;40.752;6;41549;17;42.045;10;42.516;2;44.509;9;45.052;12;45.579;3;46.094;11; 46.598 ;11;47.361;94
PEDRINHAS PAULISTA;3537156;-;2.927;2;2936;-;2.946;-;2.952;1;3.054;-;3.062;-;3.071;-;3.079;-; 3.087 ;-;3.085;3
PEDRO DE TOLEDO;3537206;4;10.254;-;10213;2;10.282;4;10.358;2;10.791;5;10.880;8;10.967;7;11.053;7; 11.136 ;5;11.240;44
PENÁPOLIS;3537305;10;59.597;11;58529;17;58.807;7;59.096;22;61.371;17;61.726;17;62.071;15;62.409;10; 62.738 ;8;63.047;134
PEREIRA BARRETO;3537404;1;24.777;8;24959;4;24.957;3;24.953;3;25.742;5;25.755;8;25.767;5;25.779;3; 25.790 ;5;25.660;45
PEREIRAS;3537503;4;8.076;5;7468;2;7.548;2;7.640;3;8.006;2;8.111;4;8.213;2;8.312;6; 8.410 ;-;8.560;30
PERUÍBE;3537602;66;57.686;65;59793;57;60.412;67;61.030;56;63.815;63;64.531;61;65.226;92;65.907;106; 66.572 ;95;67.548;728
PIACATU;3537701;-;5.472;3;5287;1;5.338;2;5.387;-;5.626;2;5.683;-;5.739;-;5.793;-; 5.846 ;-;5.922;8
PIEDADE;3537800;11;49.508;7;52214;8;52.297;12;52.447;5;54.323;17;54.523;6;54.717;10;54.907;13; 55.092 ;12;55.149;101
PILAR DO SUL;3537909;2;28.455;4;26411;6;26.595;3;26.778;3;27.880;9;28.097;4;28.309;15;28.516;6; 28.718 ;5;28.963;57
PINDAMONHANGABA;3538006;36;144.613;29;147034;28;148.604;28;150.162;32;157.062;42;158.864;30;160.614;34;162.327;39; 164.000 ;47;166.475;345
PINDORAMA;3538105;1;15.377;3;15043;2;15.187;-;15.331;4;16.013;2;16.180;4;16.342;1;16.501;2; 16.656 ;2;16.877;21
PINHALZINHO;3538204;-;12.591;2;13104;2;13.268;3;13.425;1;14.067;3;14.247;4;14.423;3;14.595;1; 14.763 ;5;15.021;24
PIQUEROBI;3538303;-;3.781;1;3541;-;3.542;-;3.546;1;3.665;1;3.672;-;3.679;-;3.686;2; 3.693 ;2;3.685;7
PIQUETE;3538501;1;14.709;1;14107;1;14.023;5;13.942;5;14.278;-;14.199;3;14.123;3;14.048;5; 13.976 ;1;13.742;25
PIRACAIA;3538600;16;22.740;6;25139;8;25.252;10;25.384;13;26.371;9;26.532;6;26.688;5;26.841;7; 26.991 ;6;27.140;86
PIRACICABA;3538709;151;368.843;143;364872;170;367.289;200;369.919;199;385.287;194;388.412;215;391.449;215;394.419;219; 397.322 ;189;400.949;1895
PIRAJU;3538808;7;29.398;2;28489;7;28.519;4;28.563;13;29.532;6;29.599;4;29.664;7;29.728;8; 29.790 ;8;29.741;66
PIRAJUÍ;3538907;33;22.192;35;22724;39;22.904;71;23.098;46;24.098;48;24.325;55;24.546;51;24.762;75; 24.973 ;74;25.259;527
PIRANGI;3539004;2;10.807;-;10623;-;10.668;1;10.712;2;11.112;1;11.167;-;11.220;-;11.272;1; 11.323 ;1;11.362;8
PIRAPORA DO BOM JESUS;3539103;7;15.706;5;15727;11;15.989;15;16.238;9;17.091;7;17.372;7;17.646;10;17.913;6; 18.174 ;6;18.604;83
PIRAPOZINHO;3539202;11;25.236;5;24718;3;24.893;6;25.086;3;26.146;8;26.374;6;26.594;4;26.810;7; 27.021 ;2;27.295;55
PIRASSUNUNGA;3539301;20;71.470;23;70138;28;70.481;30;70.869;16;73.656;31;74.128;17;74.587;25;75.035;21; 75.474 ;27;75.930;238
PIRATININGA;3539400;2;11.989;2;12072;3;12.186;5;12.297;4;12.839;3;12.968;1;13.093;4;13.216;3; 13.335 ;2;13.503;29
PITANGUEIRAS;3539509;12;35.441;4;35314;10;35.626;12;35.934;11;37.499;13;37.860;11;38.211;7;38.554;11; 38.889 ;18;39.349;109
PLANALTO;3539608;-;4.302;-;4472;-;4.524;2;4.583;1;4.808;1;4.876;1;4.941;3;5.005;1; 5.067 ;-;5.167;9
PLATINA;3539707;-;3.407;-;3192;-;3.217;-;3.242;-;3.378;-;3.406;1;3.434;-;3.461;1; 3.488 ;-;3.521;2
POÁ;3539806;36;112.481;48;106033;52;106.797;46;107.556;43;112.015;40;112.917;45;113.793;38;114.650;44; 115.488 ;50;116.530;442
POLONI;3539905;-;5.100;-;5395;2;5.443;-;5.489;-;5.726;1;5.780;3;5.833;3;5.884;1; 5.935 ;-;6.004;10
POMPÉIA;3540002;3;20.168;1;19963;5;20.102;3;20.235;1;21.060;6;21.220;1;21.375;5;21.526;2; 21.674 ;1;21.851;28
PONGAÍ;3540101;2;3.510;-;3479;-;3.465;-;3.449;-;3.537;2;3.523;-;3.508;-;3.494;1; 3.480 ;2;3.432;7
PONTAL;3540200;10;39.272;12;40245;18;41.055;10;41.840;13;44.236;9;45.119;21;45.978;15;46.818;21; 47.638 ;26;49.047;155
PONTALINDA;3540259;1;4.200;2;4074;1;4.115;1;4.155;-;4.341;-;4.388;-;4.433;2;4.476;2; 4.519 ;-;4.580;9
PONTES GESTAL;3540309;-;2.557;-;2523;1;2.516;1;2.515;-;2.593;-;2.593;2;2.593;-;2.593;1; 2.594 ;-;2.577;5
POPULINA;3540408;1;4.253;-;4223;-;4.206;1;4.189;-;4.299;-;4.284;1;4.269;-;4.254;2; 4.240 ;1;4.186;6
PORANGABA;3540507;1;8.946;1;8333;4;8.454;3;8.579;3;9.021;3;9.162;1;9.299;2;9.434;2; 9.565 ;2;9.779;22
PORTO FELIZ;3540606;5;47.964;9;48914;19;49.152;13;49.404;16;51.320;16;51.628;31;51.928;37;52.221;45; 52.507 ;37;52.785;228
PORTO FERREIRA;3540705;13;51.090;9;51407;19;51.704;14;51.999;11;54.056;4;54.413;8;54.761;9;55.100;10; 55.432 ;11;55.787;108
POTIM;3540754;61;20.668;75;19413;74;19.842;75;20.272;86;21.501;74;21.984;50;22.453;88;22.911;92; 23.360 ;59;24.143;734
POTIRENDABA;3540804;3;15.128;3;15453;4;15.587;4;15.720;4;16.401;4;16.557;3;16.709;1;16.857;1; 17.002 ;9;17.201;36
PRACINHA;3540853;8;3.271;12;2863;11;2.968;18;3.074;12;3.315;17;3.433;24;3.547;24;3.659;16; 3.768 ;17;3.971;159
PRADÓPOLIS;3540903;3;16.619;1;17404;1;17.720;1;18.052;1;19.077;1;19.450;-;19.814;1;20.169;1; 20.516 ;1;21.110;11
PRAIA GRANDE;3541000;202;249.551;286;260769;288;267.306;290;272.390;278;287.967;320;293.695;310;299.261;306;304.705;347; 310.024 ;359;319.146;2986
PRATÂNIA;3541059;-;4.614;1;4599;1;4.649;1;4.697;-;4.912;1;4.967;-;5.021;2;5.074;3; 5.126 ;2;5.204;11
PRESIDENTE ALVES;3541109;1;4.517;-;4123;2;4.108;1;4.094;2;4.205;1;4.192;1;4.179;-;4.167;-; 4.155 ;1;4.108;9
PRESIDENTE BERNARDES;3541208;5;15.382;3;13544;7;13.486;45;13.406;41;13.724;54;13.645;55;13.568;47;13.494;89; 13.420 ;48;13.190;394
PRESIDENTE EPITÁCIO;3541307;8;40.891;7;41324;13;41.473;12;41.624;15;43.155;9;43.348;6;43.535;9;43.718;10; 43.897 ;9;44.006;98
PRESIDENTE PRUDENTE;3541406;67;207.725;78;207625;73;209.024;96;210.393;71;218.960;60;220.599;64;222.192;104;223.749;69; 225.271 ;95;227.072;777
PRESIDENTE VENCESLAU;3541505;16;38.439;19;37915;21;37.953;19;37.996;23;39.265;24;39.337;25;39.407;20;39.476;25; 39.544 ;22;39.448;214
PROMISSÃO;3541604;6;37.570;12;35688;5;36.025;7;36.364;1;37.985;12;38.380;4;38.764;4;39.139;5; 39.506 ;8;40.027;64
QUADRA;3541653;-;2.789;1;3236;-;3.281;1;3.325;-;3.489;-;3.539;-;3.587;2;3.634;1; 3.680 ;1;3.753;6
QUATÁ;3541703;-;12.539;3;12828;4;12.887;2;12.972;3;13.501;2;13.603;1;13.702;3;13.798;2; 13.893 ;-;14.006;20
QUEIROZ;3541802;1;2.875;1;2808;1;2.857;-;2.905;2;3.060;1;3.114;1;3.166;2;3.217;1; 3.267 ;-;3.351;10
QUELUZ;3541901;8;11.197;4;11325;5;11.478;4;11.641;4;12.234;3;12.419;1;12.600;3;12.777;1; 12.949 ;2;13.228;35
QUINTANA;3542008;1;5.948;2;6008;1;6.047;2;6.089;1;6.339;1;6.389;1;6.437;2;6.484;-; 6.530 ;1;6.587;12
RAFARD;3542107;1;8.364;3;8624;3;8.631;3;8.651;3;8.952;1;8.979;1;9.004;-;9.030;1; 9.054 ;3;9.050;19
RANCHARIA;3542206;11;29.149;8;28773;8;28.806;9;28.809;14;29.732;9;29.755;6;29.778;8;29.799;12; 29.821 ;8;29.688;93
REDENÇÃO DA SERRA;3542305;1;4.245;-;3879;-;3.860;-;3.847;-;3.952;-;3.941;-;3.930;-;3.919;1; 3.908 ;-;3.863;2
REGENTE FEIJÓ;3542404;6;17.725;2;18496;7;18.609;3;18.720;4;19.468;6;19.602;6;19.733;3;19.860;3; 19.985 ;2;20.124;42
REGINÓPOLIS;3542503;25;8.172;11;7325;9;7.521;20;7.713;21;8.218;13;8.432;18;8.640;21;8.844;30; 9.042 ;25;9.399;193
REGISTRO;3542602;16;55.168;32;54279;31;54.300;33;54.338;42;56.123;31;56.203;35;56.280;30;56.356;40; 56.430 ;43;56.249;333
RESTINGA;3542701;-;6.897;2;6587;1;6.664;-;6.739;1;7.054;1;7.139;-;7.223;-;7.304;-; 7.384 ;-;7.504;5
RIBEIRA;3542800;3;3.545;2;3358;1;3.347;-;3.336;2;3.427;2;3.418;1;3.408;-;3.399;2; 3.390 ;-;3.351;13
RIBEIRÃO BONITO;3542909;2;4.663;6;12129;1;12.203;2;12.270;3;12.750;-;12.831;1;12.909;1;12.986;4; 13.060 ;1;13.137;21
RIBEIRÃO BRANCO;3543006;1;2.317;1;18272;-;18.042;-;17.822;-;18.093;2;17.866;2;17.646;1;17.430;2; 17.220 ;4;16.684;13
RIBEIRÃO CORRENTE;3543105;-;11.857;-;4273;-;4.303;-;4.333;-;4.510;1;4.545;-;4.579;-;4.612;1; 4.644 ;-;4.682;2
RIBEIRÃO DO SUL;3543204;1;18.607;-;4464;-;4.442;-;4.439;-;4.575;-;4.574;1;4.573;-;4.572;-; 4.571 ;3;4.542;5
RIBEIRÃO DOS ÍNDIOS;3543238;-;4.216;3;2187;-;2.184;1;2.182;1;2.248;-;2.247;1;2.245;-;2.244;-; 2.243 ;-;2.227;6
RIBEIRÃO GRANDE;3543253;-;6.992;-;7419;-;7.424;-;7.427;-;7.667;3;7.675;-;7.682;-;7.690;-; 7.697 ;-;7.666;3
RIBEIRÃO PIRES;3543303;32;112.011;26;113043;33;113.725;26;114.361;22;118.871;26;119.644;24;120.396;25;121.130;30; 121.848 ;33;122.607;277
RIBEIRÃO PRETO;3543402;215;563.107;206;605114;242;612.339;194;619.746;243;649.556;241;658.059;232;666.323;213;674.405;257; 682.302 ;240;694.534;2283
RIFAINA;3543600;-;3.826;-;3436;-;3.445;-;3.453;-;3.574;-;3.586;1;3.597;-;3.608;-; 5.792 ;1;5.607;2
RINCÃO;3543709;3;10.846;5;10414;1;10.420;4;10.427;1;10.768;-;10.782;1;10.796;1;10.809;5; 3.618 ;1;3.618;22
RINÓPOLIS;3543808;-;9.385;1;9935;4;9.910;1;9.887;4;10.170;1;10.152;1;10.133;2;10.116;1; 10.823 ;-;10.786;15
RIO CLARO;3543907;35;28.478;44;186299;41;187.637;47;188.977;38;196.821;45;198.413;50;199.961;38;201.473;46; 10.098 ;43;10.003;427
RIO DAS PEDRAS;3544004;3;191.886;6;29508;10;29.962;6;30.409;7;31.982;4;32.489;8;32.982;8;33.464;5; 202.952 ;6;204.797;63
RIO GRANDE DA SERRA;3544103;28;41.602;16;44084;15;44.502;20;45.014;17;47.142;14;47.731;9;48.302;14;48.861;19; 33.935 ;17;34.704;169
RIOLÂNDIA;3544202;23;10.542;22;10574;21;10.730;18;10.880;24;11.429;24;11.600;28;11.766;27;11.928;45; 49.408 ;16;50.241;248
RIVERSUL;3543501;2;6.520;2;6165;3;6.084;-;6.008;6;6.096;4;6.017;3;5.941;-;5.866;4; 12.086 ;-;12.342;24
ROSANA;3544251;6;18.918;8;19691;6;19.343;5;19.006;3;19.156;3;18.803;1;18.459;3;18.124;2; 17.795 ;6;17.015;43
ROSEIRA;3544301;1;9.527;5;9606;1;9.677;1;9.754;1;10.168;-;10.257;1;10.344;2;10.429;1; 10.512 ;1;10.621;14
RUBIÁCEA;3544400;-;2.661;1;2729;-;2.759;-;2.789;1;2.917;-;2.950;-;2.983;1;3.015;-; 3.046 ;-;3.093;3
RUBINÉIA;3544509;1;2.611;-;2862;-;2.881;1;2.900;-;3.017;1;3.039;-;3.060;-;3.081;1; 3.102 ;-;3.125;4
SABINO;3544608;-;5.420;-;5226;-;5.237;2;5.258;1;5.452;2;5.477;-;5.502;-;5.526;-; 5.549 ;-;5.564;5
SAGRES;3544707;-;2.338;-;2395;-;2.392;2;2.389;-;2.460;-;2.458;-;2.456;-;2.454;1; 2.453 ;1;2.435;4
SALES;3544806;1;5.399;-;5450;-;5.519;1;5.586;1;5.853;-;5.929;-;6.002;-;6.074;-; 6.144 ;2;6.253;5
SALES OLIVEIRA;3544905;-;8.021;1;10568;-;10.663;1;10.756;-;11.225;2;11.333;-;11.438;1;11.541;2; 11.641 ;2;11.779;9
SALESÓPOLIS;3545001;2;16.041;1;15639;3;15.733;2;15.828;1;16.462;4;16.576;3;16.688;1;16.797;7; 16.903 ;3;17.022;27
SALMOURÃO;3545100;1;4.779;1;4818;2;4.850;-;4.881;1;5.079;1;5.116;-;5.152;1;5.187;-; 5.222 ;2;5.262;9
SALTINHO;3545159;-;7.149;-;7059;-;7.156;2;7.250;1;7.607;2;7.714;-;7.818;-;7.919;1; 8.019 ;3;8.176;9
SALTO;3545209;15;109.948;21;105569;23;106.464;22;107.382;28;112.052;20;113.127;15;114.171;19;115.193;34; 116.191 ;33;117.561;230
SALTO DE PIRAPORA;3545308;8;39.616;13;40141;15;40.520;17;40.897;23;42.710;7;43.148;22;43.574;16;43.990;8; 44.397 ;14;44.972;143
SALTO GRANDE;3545407;5;8.968;4;8787;8;8.813;2;8.839;6;9.156;4;9.190;6;9.223;7;9.255;4; 9.287 ;5;9.297;51
SANDOVALINA;3545506;1;3.387;4;3699;-;3.746;-;3.792;1;3.974;1;4.026;2;4.076;-;4.126;1; 4.174 ;-;4.248;10
SANTA ADÉLIA;3545605;2;14.537;-;14333;-;14.401;1;14.467;-;15.017;-;15.098;3;15.178;-;15.255;-; 15.331 ;-;15.397;6
SANTA ALBERTINA;3545704;-;4.992;-;5723;2;5.734;-;5.744;-;5.941;2;5.956;1;5.971;1;5.985;1; 5.999 ;2;5.993;9
SANTA BARBARA D'OESTE;3545803;36;189.573;42;180148;46;180.771;55;181.509;35;188.302;35;189.233;41;190.139;29;191.024;24; 191.889 ;35;192.536;378
SANTA BRANCA;3546009;2;13.881;5;13770;3;13.821;5;13.877;4;14.395;1;14.465;1;14.534;-;14.601;6; 14.667 ;3;14.717;30
SANTA CLARA D'OESTE;3546108;-;2.141;-;2084;1;2.081;-;2.079;1;2.141;-;2.139;1;2.137;-;2.136;1; 2.134 ;1;2.118;5
SANTA CRUZ DA CONCEIÇÃO;3546207;-;4.154;-;3998;-;4.038;-;4.074;-;4.251;-;4.292;-;4.332;-;4.371;1; 4.409 ;1;4.461;2
SANTA CRUZ DA ESPERANÇA;3546256;-;1.733;2;1953;-;1.965;-;1.977;-;2.056;-;2.070;1;2.084;-;2.097;-; 2.110 ;1;2.124;4
SANTA CRUZ DAS PALMEIRAS;3546306;4;33.583;4;29974;3;30.268;5;30.593;7;32.009;2;32.384;6;32.749;8;33.106;6; 33.455 ;6;33.975;51
SANTA CRUZ DO RIO PARDO;3546405;6;43.483;5;43929;10;44.151;3;44.375;6;46.092;8;46.366;9;46.633;11;46.893;12; 47.148 ;14;47.395;84
SANTA ERNESTINA;3546504;-;5.618;-;5568;-;5.555;-;5.542;-;5.701;3;5.691;1;5.681;-;5.672;1; 5.662 ;2;5.611;7
SANTA FÉ DO SUL;3546603;2;29.192;3;29235;4;29.448;2;29.651;7;30.872;6;31.113;5;31.348;7;31.578;6; 31.802 ;2;32.076;44
SANTA GERTRUDES;3546702;2;21.028;6;21644;5;22.074;9;22.499;2;23.793;10;24.272;8;24.737;6;25.192;6; 25.637 ;5;26.403;59
SANTA ISABEL;3546801;10;46.902;18;50464;15;50.968;36;51.467;31;53.784;17;54.363;19;54.926;25;55.476;34; 56.014 ;31;56.792;236
SANTA LÚCIA;3546900;2;8.154;5;8246;3;8.278;4;8.308;3;8.613;1;8.651;2;8.687;1;8.723;2; 8.758 ;-;8.779;23
SANTA MARIA DA SERRA;3547007;1;5.920;2;5418;1;5.470;1;5.525;2;5.776;1;5.840;-;5.902;-;5.962;-; 6.021 ;2;6.107;10
SANTA MERCEDES;3547106;2;2.596;-;2831;-;2.833;2;2.836;2;2.929;2;2.933;-;2.937;-;2.941;2; 2.945 ;2;2.935;12
SANTA RITA DO PASSA QUATRO;3547502;7;27.557;1;26420;4;26.504;7;26.530;3;27.411;7;27.457;4;27.502;1;27.546;6; 27.590 ;6;27.514;46
SANTA RITA D'OESTE;3547403;-;2.501;-;2543;-;2.531;-;2.521;2;2.585;-;2.574;1;2.564;-;2.554;1; 2.544 ;-;2.510;4
SANTA ROSA DO VITERBO;3547601;1;24.049;-;23871;1;24.048;3;24.229;2;25.246;2;25.459;2;25.666;2;25.869;3; 26.067 ;1;26.322;17
SANTA SALETE;3547650;-;1.446;-;1447;-;1.452;-;1.458;-;1.511;-;1.517;1;1.523;-;1.530;1; 1.536 ;1;1.539;3
SANTANA DA PONTE PENSA;3547205;-;1.616;-;1641;1;1.622;-;1.603;-;1.629;1;1.610;-;1.591;-;1.573;1; 1.555 ;-;1.507;3
SANTANA DO PARNAÍBA;3547304;40;114.321;34;108875;44;111.422;29;113.945;38;120.998;38;123.825;46;126.574;48;129.261;47; 131.887 ;43;136.517;407
SANTO ANASTÁCIO;3547700;9;21.222;11;20498;4;20.454;5;20.434;4;21.059;12;21.051;5;21.044;9;21.037;3; 21.030 ;6;20.889;68
SANTO ANDRÉ;3547809;203;673.396;222;673914;255;678.485;238;680.496;227;704.942;237;707.613;218;710.210;235;712.749;239; 715.231 ;236;716.109;2310
SANTO ANTÔNIO DA ALEGRIA;3547908;1;6.346;1;6304;1;6.345;-;6.386;2;6.644;1;6.692;1;6.739;-;6.785;-; 6.829 ;1;6.880;8
SANTO ANTÔNIO DE POSSE;3548005;8;21.247;14;20635;8;20.844;8;21.032;3;21.957;3;22.176;6;22.389;5;22.597;3; 22.801 ;3;23.085;61
SANTO ANTÔNIO DO ARACANGUÁ;3548054;1;7.335;1;7627;-;7.679;2;7.732;1;8.048;-;8.109;2;8.169;-;8.228;3; 8.285 ;-;8.356;10
SANTO ANTÔNIO DO JARDIM;3548104;-;5.785;1;5943;-;5.927;-;5.912;-;6.078;-;6.065;-;6.053;-;6.041;2; 6.029 ;-;5.968;3
SANTO ANTÔNIO DO PINHAL;3548203;-;6.896;-;6516;-;6.498;-;6.510;-;6.733;1;6.750;-;6.767;-;6.784;-; 6.800 ;-;6.794;1
SANTO EXPEDITO;3548302;3;2.956;2;2806;2;2.824;-;2.845;-;2.963;-;2.988;-;3.011;-;3.035;1; 3.057 ;2;3.086;10
SANTÓPOLIS DO AGUAPEÍ;3548401;-;4.234;1;4281;-;4.312;1;4.347;1;4.532;-;4.572;1;4.611;1;4.650;-; 4.687 ;2;4.736;7
SANTOS;3548500;359;417.098;368;419757;382;419.509;347;419.614;395;433.153;438;433.565;406;433.966;430;434.359;407; 434.742 ;440;432.957;3972
SÃO BENTO DO SAPUCAÍ;3548609;2;10.966;1;10462;-;10.477;-;10.486;2;10.831;1;10.848;-;10.864;2;10.880;-; 10.895 ;2;10.862;10
SÃO BERNARDO DO CAMPO;3548708;205;810.979;230;765203;228;770.253;231;774.886;238;805.895;212;811.489;230;816.925;252;822.242;281; 827.437 ;288;833.240;2395
SÃO CAETANO DO SUL;3548807;31;152.093;28;149571;33;149.962;36;150.638;31;156.362;35;157.205;18;158.024;24;158.825;22; 159.608 ;35;160.275;293
SÃO CARLOS;3548906;48;220.463;58;221936;70;224.172;83;226.322;72;236.457;54;238.958;70;241.389;58;243.765;54; 246.088 ;62;249.415;629
SÃO FRANCISCO;3549003;2;2.894;-;2793;-;2.788;2;2.783;3;2.864;1;2.861;1;2.857;1;2.854;2; 2.850 ;1;2.826;13
SÃO JOÃO DA BOA VISTA;3549102;18;83.909;9;83661;8;84.119;9;84.584;15;87.912;17;88.477;17;89.027;9;89.564;23; 90.089 ;14;90.637;139
SÃO JOÃO DAS DUAS PONTES;3549201;1;2.630;2;2566;-;2.559;2;2.552;1;2.624;1;2.618;1;2.612;1;2.607;-; 2.601 ;-;2.574;9
SÃO JOÃO DE IRACEMA;3549250;3;1.810;1;1780;-;1.788;-;1.797;-;1.865;-;1.875;-;1.885;-;1.894;1; 1.904 ;1;1.912;6
SAO JOAO DO PAU D'ALHO;3549300;-;2.191;1;2103;1;2.097;-;2.092;-;2.150;3;2.145;1;2.141;1;2.136;2; 2.132 ;-;2.111;9
SÃO JOAQUIM DA BARRA;3549409;8;46.172;16;46524;14;46.890;15;47.256;9;49.259;5;49.690;10;50.110;7;50.520;8; 50.921 ;9;51.447;101
SÃO JOSÉ DA BELA VISTA;3549508;-;8.513;-;8407;-;8.431;2;8.456;2;8.759;2;8.791;1;8.823;-;8.854;-; 8.885 ;-;8.895;7
SÃO JOSÉ DO BARREIRO;3549607;-;4.490;1;4097;1;4.072;-;4.068;2;4.190;3;4.188;-;4.185;-;4.183;2; 4.181 ;-;4.151;9
SÃO JOSÉ DO RIO PARDO;3549706;11;53.281;4;51910;4;52.040;6;52.176;8;54.024;7;54.209;5;54.388;6;54.563;11; 54.734 ;7;54.763;69
SÃO JOSÉ DO RIO PRETO;3549805;134;419.632;121;408435;159;412.075;162;415.769;156;434.039;166;438.354;146;442.548;160;446.649;140; 450.657 ;132;456.245;1476
SÃO JOSÉ DOS CAMPOS;3549904;180;615.871;168;627544;181;636.876;190;643.603;181;673.255;175;681.036;199;688.597;173;695.992;206; 703.219 ;230;713.943;1883
SÃO LOURENÇO DA SERRA;3549953;2;18.319;4;13985;-;14.109;3;14.241;7;14.874;2;15.028;5;15.177;7;15.323;5; 15.465 ;5;15.667;40
SÃO LUÍS DO PARAITINGA;3550001;1;10.908;5;10404;4;10.395;-;10.393;1;10.721;-;10.726;-;10.731;1;10.735;6; 10.740 ;1;10.684;19
SÃO MANUEL;3550100;16;39.696;10;38390;17;38.480;22;38.614;11;40.027;14;40.200;5;40.367;11;40.532;6; 40.692 ;7;40.781;119
SÃO MIGUEL ARCANJO;3550209;3;31.329;4;31452;8;31.500;2;31.549;4;32.621;4;32.696;3;32.769;10;32.840;10; 32.910 ;6;32.859;54
SÃO PAULO;3550308;6872;11.037.593;6907;11244369;7195;11.316.149;6738;11.376.685;7029;11.821.873;7339;11.895.893;7542;11.967.825;6780;12.038.175;7598; 12.106.920 ;7900;12.176.866;71900
SÃO PEDRO;3550407;5;31.575;7;31688;7;31.951;5;32.231;7;33.638;6;33.966;9;34.284;4;34.595;6; 34.898 ;4;35.318;60
SÃO PEDRO DO TURVO;3550506;2;7.439;3;7208;1;7.222;1;7.245;2;7.508;-;7.538;1;7.567;3;7.596;4; 7.624 ;-;7.636;17
SÃO ROQUE;3550605;12;67.715;20;78873;34;79.756;29;80.661;18;84.460;18;85.502;20;86.515;24;87.506;18; 88.473 ;12;89.943;205
SÃO SEBASTIÃO;3550704;45;73.631;42;73833;43;75.163;51;76.344;74;80.379;57;81.718;48;83.020;46;84.294;43; 85.538 ;60;87.596;509
SÃO SEBASTIÃO DA GRAMA;3550803;1;12.990;-;12100;-;12.072;2;12.046;3;12.394;2;12.374;2;12.355;6;12.335;1; 12.317 ;2;12.205;19
SÃO SIMÃO;3550902;3;14.329;2;14350;4;14.398;1;14.448;2;14.976;2;15.041;1;15.104;4;15.165;6; 15.225 ;-;15.257;25
SÃO VICENTE;3551009;405;330.795;410;332424;445;334.663;432;336.809;427;350.465;518;353.040;547;355.542;553;357.989;645; 360.380 ;629;363.173;5011
SARAPUÍ;3551108;1;8.601;-;9027;1;9.121;-;9.212;-;9.628;1;9.734;1;9.836;2;9.936;1; 10.034 ;1;10.177;8
SARUTAIÁ;3551207;-;3.790;1;3622;2;3.613;-;3.605;1;3.707;2;3.700;1;3.694;2;3.687;1; 3.681 ;1;3.646;11
SEBASTIANÓPOLIS DO SUL;3551306;-;3.109;-;3031;1;3.068;-;3.105;2;3.252;-;3.293;1;3.334;-;3.373;-; 3.411 ;-;3.470;4
SERRA AZUL;3551405;14;10.121;24;11259;22;11.548;30;11.832;44;12.592;28;12.908;37;13.216;41;13.516;29; 13.810 ;37;14.334;306
SERRA NEGRA;3551603;4;25.912;7;26362;7;26.582;4;26.770;6;27.879;3;28.103;4;28.321;4;28.534;7; 43.790 ;3;44.555;49
SERRANA;3551504;10;39.574;10;38891;12;39.360;6;39.826;12;41.728;8;42.264;6;42.784;7;43.293;11; 28.742 ;8;29.001;90
SERTÃOZINHO;3551702;31;110.999;35;110094;29;111.257;24;112.401;36;117.539;40;118.864;32;120.152;42;121.412;47; 122.643 ;55;124.453;371
SETE BARRAS;3551801;6;13.148;4;13006;5;12.951;8;12.898;3;13.239;7;13.190;3;13.144;4;13.098;4; 13.053 ;11;12.884;55
SEVERÍNIA;3551900;6;15.707;4;15504;1;15.647;3;15.788;4;16.482;4;16.646;4;16.806;6;16.962;3; 17.115 ;4;17.328;39
SILVEIRAS;3552007;1;5.841;-;5792;1;5.824;-;5.855;2;6.083;-;6.121;-;6.158;-;6.193;3; 6.228 ;-;6.264;7
SOCORRO;3552106;2;34.447;7;36695;3;36.992;7;37.288;6;38.878;4;39.227;8;39.565;8;39.896;8; 40.220 ;10;40.648;63
SOROCABA;3552205;218;584.313;226;586311;243;593.775;230;600.692;243;629.231;231;637.187;233;644.919;225;652.481;228; 659.871 ;256;671.186;2333
SUD MENNUCCI;3552304;-;8.141;1;7440;1;7.440;-;7.446;1;7.691;1;7.702;1;7.712;2;7.723;-; 7.733 ;-;7.708;7
SUMARÉ;3552403;64;241.077;57;241437;81;244.733;64;246.247;74;258.556;71;262.308;74;265.955;68;269.522;72; 273.007 ;74;278.571;699
SUZANÁPOLIS;3552551;1;3.805;2;3383;-;3.429;-;3.473;1;3.642;-;3.693;-;3.742;-;3.790;-; 290.769 ;2;294.638;6
SUZANO;3552502;99;284.356;89;262568;88;265.074;119;267.583;112;279.520;114;282.441;118;285.280;116;288.056;119; 3.836 ;125;3.911;1099
TABAPUÃ;3552601;-;11.980;3;11366;1;11.430;4;11.495;4;11.949;-;12.027;3;12.103;-;12.178;1; 12.251 ;1;12.328;17
TABATINGA;3552700;6;14.876;3;14686;1;14.816;4;14.943;2;15.590;3;15.738;1;15.881;3;16.021;4; 16.159 ;3;16.345;30
TABOÃO DA SERRA;3552809;123;227.343;127;244719;137;248.127;105;251.608;139;264.352;114;268.321;138;272.177;114;275.948;147; 279.634 ;129;285.570;1273
TACIBA;3552908;1;5.675;2;5714;-;5.752;3;5.789;3;6.023;1;6.067;-;6.110;-;6.152;-; 6.193 ;-;6.240;10
TAGUAÍ;3553005;-;10.849;2;10825;2;11.086;2;11.336;2;12.034;-;12.314;-;12.586;4;12.851;1; 13.111 ;4;13.569;17
TAIAÇU;3553104;1;6.093;2;5894;1;5.915;2;5.936;3;6.153;-;6.179;-;6.205;-;6.230;2; 6.255 ;4;6.268;15
TAIÚVA;3553203;1;5.505;-;5447;-;5.442;1;5.439;1;5.606;1;5.605;1;5.605;1;5.604;3; 5.603 ;-;5.568;9
TAMBAÚ;3553302;5;22.575;4;22410;-;22.417;1;22.429;4;23.159;5;23.187;1;23.214;5;23.241;5; 23.267 ;4;23.182;34
TANABI;3553401;5;24.591;5;24055;4;24.168;10;24.277;7;25.199;9;25.335;1;25.467;4;25.597;5; 25.723 ;7;25.830;57
TAPIRAÍ;3553500;3;7.991;3;8015;-;7.969;-;7.928;1;8.125;-;8.085;-;8.047;1;8.010;4; 7.973 ;-;7.850;12
TAPIRATIBA;3553609;2;12.410;1;12743;1;12.721;-;12.707;1;13.091;1;13.084;-;13.076;-;13.069;-; 13.062 ;-;12.970;6
TAQUARAL;3553658;-;2.974;-;2726;-;2.726;1;2.727;-;2.814;2;2.817;1;2.819;-;2.821;6; 2.823 ;-;2.810;10
TAQUARITINGA;3553708;9;55.662;12;53985;9;54.136;9;54.279;16;56.204;21;56.398;6;56.587;5;56.771;12; 56.951 ;11;56.984;110
TAQUARITUBA;3553807;2;23.060;6;22294;4;22.315;4;22.338;2;23.083;6;23.123;20;23.163;21;23.202;53; 23.240 ;31;23.180;149
TAQUARIVAÍ;3553856;-;5.541;4;5149;-;5.203;2;5.254;1;5.489;4;5.548;1;5.605;-;5.660;3; 5.715 ;1;5.792;16
TARABAÍ;3553906;3;6.464;1;6605;-;6.670;2;6.731;1;7.028;2;7.099;-;7.168;4;7.236;1; 7.302 ;1;7.395;15
TARUMÃ;3553955;1;13.386;1;12883;1;13.049;4;13.209;3;13.845;3;14.027;4;14.205;6;14.378;3; 14.547 ;1;14.812;27
TATUÍ;3554003;25;109.017;33;107975;24;108.393;29;109.425;33;114.314;37;115.515;14;116.682;20;117.823;34; 118.939 ;33;120.533;282
TAUBATÉ;3554102;97;273.426;115;278724;94;281.336;126;283.899;112;296.431;110;299.423;102;302.331;117;305.174;125; 307.953 ;111;311.854;1109
TEJUPÁ;3554201;-;5.067;-;4809;2;4.769;2;4.730;6;4.828;2;4.788;1;4.750;1;4.713;-; 4.677 ;1;4.574;15
TEODORO SAMPAIO;3554300;2;21.202;4;21389;5;21.492;-;21.595;5;22.424;6;22.551;4;22.675;1;22.795;2; 22.914 ;3;23.019;32
TERRA ROXA;3554409;-;8.619;1;8505;3;8.563;-;8.619;1;8.969;1;9.036;1;9.101;3;9.164;2; 9.227 ;2;9.302;14
TIETÊ;3554508;4;36.211;4;36827;4;37.228;8;37.609;7;39.324;11;39.765;7;40.194;7;40.613;11; 41.022 ;4;41.622;67
TIMBURI;3554607;-;2.548;-;2646;1;2.639;-;2.634;-;2.709;-;2.704;1;2.699;-;2.695;2; 2.690 ;-;2.663;4
TORRE DE PEDRA;3554656;-;3.149;1;2257;1;2.262;-;2.271;1;2.354;2;2.365;2;2.375;2;2.385;-; 2.395 ;-;2.401;9
TORRINHA;3554706;-;9.278;1;9330;-;9.368;-;9.405;-;9.754;3;9.801;1;9.846;1;9.890;2; 9.934 ;1;9.963;9
TRABIJU;3554755;1;1.519;-;1544;-;1.557;1;1.569;-;1.635;-;1.650;-;1.664;-;1.677;1; 1.691 ;1;1.709;4
TREMEMBÉ;3554805;57;41.159;50;40985;62;41.457;49;41.915;61;43.871;66;44.399;70;44.912;106;45.414;123; 45.904 ;96;46.642;740
TRÊS FRONTEIRAS;3554904;1;5.163;1;5428;1;5.448;1;5.468;1;5.669;1;5.694;-;5.719;2;5.743;1; 5.767 ;-;5.781;9
TUIUTI;3554953;1;6.284;1;5935;-;6.005;2;6.078;2;6.369;-;6.452;-;6.533;1;6.612;1; 6.689 ;2;6.808;10
TUPÃ;3555000;30;64.098;24;63492;22;63.487;25;63.498;20;65.540;23;65.596;20;65.651;13;65.705;18; 65.758 ;13;65.477;208
TUPI PAULISTA;3555109;20;14.389;14;14262;15;14.344;14;14.418;39;14.976;26;15.066;26;15.153;32;15.238;80; 15.321 ;72;15.404;338
TURIÚBA;3555208;1;2.040;-;1927;-;1.933;1;1.936;-;2.000;-;2.005;-;2.009;-;2.013;-; 2.016 ;-;2.012;2
TURMALINA;3555307;-;1.958;-;1978;1;1.948;-;1.920;-;1.942;-;1.912;1;1.883;-;1.854;-; 1.827 ;-;1.759;2
UBARANA;3555356;2;4.855;3;5286;3;5.371;1;5.451;2;5.732;2;5.822;3;5.910;2;5.996;1; 6.080 ;4;6.216;23
UBATUBA;3555406;43;81.096;36;78870;35;79.717;41;80.604;39;84.377;57;85.399;50;86.392;36;87.364;38; 88.313 ;49;89.747;424
UBIRAJARA;3555505;-;4.472;-;4429;-;4.448;-;4.468;-;4.637;1;4.662;-;4.687;-;4.711;-; 4.734 ;3;4.754;4
UCHOA;3555604;-;9.818;2;9475;1;9.504;4;9.537;1;9.885;-;9.927;3;9.968;5;10.008;2; 10.047 ;4;10.068;22
UNIÃO PAULISTA;3555703;-;1.522;1;1599;2;1.618;1;1.636;1;1.712;1;1.733;-;1.754;1;1.773;1; 1.793 ;1;1.823;9
URÂNIA;3555802;3;9.007;2;8836;-;8.837;-;8.838;3;9.121;4;9.128;4;9.135;5;9.141;4; 9.148 ;1;9.108;26
URU;3555901;-;1.395;-;1251;-;1.239;1;1.228;-;1.252;-;1.240;-;1.229;1;1.218;-; 1.207 ;-;1.177;2
URUPÊS;3556008;1;12.388;-;12720;-;12.782;-;12.848;1;13.345;-;13.426;-;13.504;1;13.580;2; 13.655 ;-;13.727;5
VALENTIM GENTIL;3556107;-;10.082;3;11031;-;11.223;2;11.404;-;12.012;1;12.217;-;12.416;-;12.610;3; 12.800 ;3;13.115;12
VALINHOS;3556206;18;107.481;13;106968;18;108.621;24;110.390;21;116.308;19;118.312;11;120.258;6;122.163;8; 124.024 ;20;127.123;158
VALPARAÍSO;3556305;34;22.514;48;22617;37;22.883;53;23.181;29;24.323;43;24.663;32;24.993;69;25.316;95; 25.632 ;53;26.130;493
VARGEM;3556354;1;7.098;-;8801;2;8.941;-;9.077;2;9.550;2;9.704;1;9.854;-;10.000;1; 10.143 ;2;10.378;11
VARGEM GRANDE DO SUL;3556404;11;39.160;8;39266;6;39.494;12;39.714;6;41.279;5;41.547;5;41.807;5;42.061;8; 42.310 ;6;42.573;72
VARGEM GRANDE PAULISTA;3556453;9;44.754;7;42946;10;43.789;12;44.555;24;47.013;18;47.879;9;48.720;12;49.542;14; 50.346 ;17;51.702;132
VÁRZEA PAULISTA;3556503;28;107.211;36;107146;33;108.186;35;109.247;40;114.170;38;115.403;29;116.601;30;117.772;46; 118.917 ;40;120.572;355
VERA CRUZ;3556602;3;9.952;-;10769;3;10.745;1;10.722;5;11.032;6;11.014;2;10.997;5;10.980;4; 10.963 ;3;10.864;32
VINHEDO;3556701;6;63.729;10;63685;17;64.869;10;66.087;13;69.845;16;71.217;11;72.550;13;73.855;10; 75.129 ;16;77.308;122
VIRADOURO;3556800;5;18.110;-;17307;1;17.399;1;17.499;3;18.191;1;18.311;2;18.428;1;18.542;5; 18.654 ;10;18.775;29
VISTA ALEGRE DO ALTO;3556909;-;6.874;1;6889;1;7.050;3;7.208;-;7.652;2;7.830;-;8.002;-;8.171;3; 8.335 ;1;8.626;11
VITÓRIA BRASIL;3556958;-;1.662;1;1737;2;1.742;-;1.747;-;1.809;-;1.815;1;1.821;1;1.827;-; 1.833 ;-;1.834;5
VOTORANTIM;3557006;42;105.193;38;108872;37;109.798;40;110.755;49;115.585;23;116.706;30;117.794;42;118.858;38; 119.898 ;47;121.331;386
VOTUPORANGA;3557105;20;81.279;29;84728;20;85.387;18;86.059;20;89.715;14;90.508;16;91.278;20;92.032;10; 92.768 ;19;93.736;186
ZACARIAS;3557154;1;2.427;-;2334;-;2.365;-;2.394;-;2.509;-;2.542;-;2.574;-;2.605;2; 2.636 ;-;2.684;3
;TOTAL;17807;;18178;;19045;;18641;;19481;;19995;;20334;;19629;;22019;;22225;;197354
;;;;;;;;;;;;;;;;;;;;;;
;;;;;;;;;;;;;;;;;;;;;;